id,nombre,fuentes,enlace_existente,fecha_nacimiento,lugar_nacimiento,residencia,temas,medios,enlaces,hitos,estado_verificacion
1,Banu Cennetoğlu (Facilitator),Frieze 25 (2000s),,,,,,,,,pendiente
2,Nina Chanel Abney,Vitamin P2,,,,,,,,,pendiente
3,Basel Abbas and Rouanne Abou-Rahme,ArtReview Top 100,,,,,,,,,pendiente
4,Marina Abramovic,Base propia,,,,,,,,,pendiente
5,Tomma Abts,Vitamin P1 | Turner Prize,,1967,"Kiel, Deutschland",,,,http://www.tate.org.uk/art/artists/tomma-abts-9550,Turner Prize (premio 2006),factual-tate
6,Franz Ackermann,Vitamin P1,,,,,,,,,pendiente
7,Etel Adnan,Vitamin P3 | Documenta,,,,,,,,"documenta 13, Kassel (2012)",pendiente
8,Laura Aguilar,ArtReview Top 100,,,,,,,,,pendiente
9,Jia Aili,Vitamin P2,,,,,,,,,pendiente
10,John Akomfrah,ArtReview Top 100 | Frieze 25 (2000s),,,,,,,,,pendiente
11,Richard Aldrich,Vitamin P2,,,,,,,,,pendiente
12,Brian Alfred,Vitamin P1,,,,,,,,,pendiente
13,Darren Almond,Vitamin P1,,1971,"Wigan, United Kingdom",,,,http://www.tate.org.uk/art/artists/darren-almond-2657,,factual-tate
14,Ahmed Alsoudani,Vitamin P3,,,,,,,,,pendiente
15,Ellen Altfest,Vitamin P2,,,,,,,,,pendiente
16,Kai Althoff,Vitamin P1,,,,,,,,,pendiente
17,David Altmejd,Vitamin P1,,,,,,,,,pendiente
18,Francis Alÿs,Vitamin P1 | Frieze 25 (2000s) | Documenta,,1959,"Antwerpen, België",,,,http://www.tate.org.uk/art/artists/francis-alys-4427,"documenta 13, Kassel (2012)",factual-tate
19,El Anatsui,Base propia | ArtReview Top 100,,,,,,,,,pendiente
20,Hurvin Anderson,Vitamin P2,,1965,"Birmingham, United Kingdom",,,,http://www.tate.org.uk/art/artists/hurvin-anderson-12583,,factual-tate
21,Karin Mamma Andersson,Vitamin P2,,,,,,,,,pendiente
22,Juan Araujo,Vitamin P2,,1971,"Caracas, Venezuela",,,,http://www.tate.org.uk/art/artists/juan-araujo-10494,,factual-tate
23,Cory Arcangel,ArtReview Top 100,,1978,"Buffalo, United States",,,,http://www.tate.org.uk/art/artists/cory-arcangel-12604,,factual-tate
24,Michael Armitage,Vitamin P3 | Base propia,,,,,,,,,pendiente
25,Lucas Arruda,Vitamin P3,,,,,,,,,pendiente
26,Ed Atkins,ArtReview Top 100,,1982,United Kingdom,,,,http://www.tate.org.uk/art/artists/ed-atkins-15601,,factual-tate
27,Kader Attia,Base propia | Documenta,,1970,"Dugny, France",,,,http://www.tate.org.uk/art/artists/kader-attia-13674,"documenta 13, Kassel (2012)",factual-tate
28,Tauba Auerbach,Vitamin P2,,,,,,,,,pendiente
29,John Baldessari,Base propia,https://www.baldessari.org/,1931,"National City, United States",,,,http://www.tate.org.uk/art/artists/john-baldessari-687,,factual-tate
30,Jules de Balincourt,Vitamin P2,,,,,,,,,pendiente
31,Meriem Bennani and Orian Barki,ArtReview Top 100,,,,,,,,,pendiente
32,Matthew Barney,ArtReview Top 100,,1967,"San Francisco, United States",,,,http://www.tate.org.uk/art/artists/matthew-barney-2362,,factual-tate
33,Hernán Bas,Vitamin P2,,,,,,,,,pendiente
34,Math Bass,Vitamin P3,,,,,,,,,pendiente
35,Tilo Baumgärtel,Vitamin P2,,,,,,,,,pendiente
36,Sadie Benning,Vitamin P3,,,,,,,,,pendiente
37,Carole Benzaken,Vitamin P1,,,,,,,,,pendiente
38,Katherine Bernhardt,Vitamin P3,,,,,,,,,pendiente
39,Zarina Bhimji,Base propia | Turner Prize | Documenta,,1963,"Mbarara, Uganda",,,,http://www.tate.org.uk/art/artists/zarina-bhimji-5469,"Turner Prize (nominación 2007); documenta 11, Kassel (2002)",factual-tate
40,Wafaa Bilal,ArtReview Top 100,,,,,,,,,pendiente
41,Xu Bing,ArtReview Top 100,,,,,,,,,pendiente
42,McArthur Binion,Vitamin P3,,,,,,,,,pendiente
43,Zach Blas,ArtReview Top 100,,,,,,,,,pendiente
44,Zander Blom,Vitamin P3,,,,,,,,,pendiente
45,Amoako Boafo,Base propia,,,,,,,,,pendiente
46,John Bock,Vitamin P1 | Documenta,,,,,,,,"documenta 11, Kassel (2002)",pendiente
47,Christian Boltanski,Base propia,,1944,"Paris, France",,,,http://www.tate.org.uk/art/artists/christian-boltanski-2305,,factual-tate
48,Peter Bonde,Vitamin P1,,,,,,,,,pendiente
49,Monica Bonvicini,Base propia,,,,,,,,,pendiente
50,Michaël Borremans,Vitamin P2,,,,,,,,,pendiente
51,Daniel Boyd,Vitamin P3,,,,,,,,,pendiente
52,Mark Bradford,Vitamin P2 | ArtReview Top 100,,1961,"Los Angeles, United States",,,,http://www.tate.org.uk/art/artists/mark-bradford-9242,,factual-tate
53,Joe Bradley,Vitamin P3,,,,,,,,,pendiente
54,Sascha Braunig,Vitamin P3,,,,,,,,,pendiente
55,Lisa Brice,Vitamin P2,,,,,,,,,pendiente
56,Marcel Broodthaers,Base propia,,1924,"Saint-Gilles, België",,,,http://www.tate.org.uk/art/artists/marcel-broodthaers-815,fallecido/a 1976,factual-tate
57,Cecily Brown,Vitamin P1,,1969,"London, United Kingdom",,,,http://www.tate.org.uk/art/artists/cecily-brown-2703,,factual-tate
58,Glenn Brown,Vitamin P1,,,,,,,,,pendiente
59,Tania Bruguera,ArtReview Top 100 | Documenta,,1968,"La Habana, Cuba",,,,http://www.tate.org.uk/art/artists/tania-bruguera-11982,"documenta 11, Kassel (2002)",factual-tate
60,Kerstin Brätsch,Vitamin P2,,,,,,,,,pendiente
61,Rafał Bujnowski,Vitamin P2,,,,,,,,,pendiente
62,Stephen Bush,Vitamin P2,,,,,,,,,pendiente
63,Firelei Báez,Base propia,,,,,,,,,pendiente
64,Sarah Cain,Vitamin P3,,,,,,,,,pendiente
65,Varda Caivano,Vitamin P2,,,,,,,,,pendiente
66,Sophie Calle,ArtReview Top 100,,1953,"Paris, France",,,,http://www.tate.org.uk/art/artists/sophie-calle-2692,,factual-tate
67,Jane Callister,Vitamin P1,,,,,,,,,pendiente
68,Brian Calvin,Vitamin P2,,,,,,,,,pendiente
69,Juan José Cambre,Vitamin P3,,,,,,,,,pendiente
70,Gillian Carnegie,Vitamin P2,,1971,"Suffolk, United Kingdom",,,,http://www.tate.org.uk/art/artists/gillian-carnegie-5248,,factual-tate
71,Merlin Carpenter,Vitamin P1,,,,,,,,,pendiente
72,Denis Castellas,Vitamin P1,,,,,,,,,pendiente
73,Maurizio Cattelan,ArtReview Top 100,,,,,,,,,pendiente
74,Paul Chan,ArtReview Top 100 | Documenta,,,,,,,,"documenta 13, Kassel (2012)",pendiente
75,Ian Cheng,Base propia,,,,,,,,,pendiente
76,Masaya Chiba,Vitamin P3,,,,,,,,,pendiente
77,Marieta Chirulescu,Vitamin P3,,,,,,,,,pendiente
78,Leidy Churchman,Vitamin P3,,,,,,,,,pendiente
79,Tony Cokes,ArtReview Top 100,,,,,,,,,pendiente
80,Matt Connors,Vitamin P3,,,,,,,,,pendiente
81,Mary Corse,Vitamin P3,,,,,,,,,pendiente
82,Martin Creed,Base propia | Turner Prize,,1968,"Wakefield, United Kingdom",,,,http://www.tate.org.uk/art/artists/martin-creed-2760,Turner Prize (premio 2001),factual-tate
83,Njideka Akunyili Crosby,Vitamin P3,,,,,,,,,pendiente
84,Sarah Crowner,Vitamin P2,,,,,,,,,pendiente
85,Angela de la Cruz,Vitamin P1 | Turner Prize,,,,,,,,Turner Prize (nominación 2010),pendiente
86,John Currin,Vitamin P1,,1962,"Boulder, United States",,,,http://www.tate.org.uk/art/artists/john-currin-2694,,factual-tate
87,Valentina D'Amaro,Vitamin P3,,,,,,,,,pendiente
88,Li Dafang,Vitamin P2,,,,,,,,,pendiente
89,Stéphane Dafflon,Vitamin P1,,,,,,,,,pendiente
90,Dexter Dalwood,Vitamin P3 | Turner Prize,,1960,"Bristol, United Kingdom",,,,http://www.tate.org.uk/art/artists/dexter-dalwood-4611,Turner Prize (nominación 2010),factual-tate
91,William Daniels,Vitamin P2,,,,,,,,,pendiente
92,Hanne Darboven,Base propia | Documenta,https://spruethmagers.com/artists/hanne-darboven/,1941,"München, Deutschland",,,,http://www.tate.org.uk/art/artists/hanne-darboven-976,"fallecido/a 2009; documenta 11, Kassel (2002)",factual-tate
93,Julia Dault,Vitamin P3,,,,,,,,,pendiente
94,Ian Davenport,Vitamin P1,,1966,"Sidcup, United Kingdom",,,,http://www.tate.org.uk/art/artists/ian-davenport-2267,,factual-tate
95,Noah Davis,Vitamin P2,,,,,,,,,pendiente
96,Verne Dawson,Vitamin P1,,,,,,,,,pendiente
97,Tacita Dean,Base propia | Documenta,,1965,"Canterbury, United Kingdom",,,,http://www.tate.org.uk/art/artists/tacita-dean-2675,"documenta 13, Kassel (2012)",factual-tate
98,Philippe Decrauzat,Vitamin P2,,,,,,,,,pendiente
99,Benjamin Degen,Vitamin P2,,,,,,,,,pendiente
100,Jeremy Deller,Frieze 25 (2000s) | Turner Prize,,1966,"London, United Kingdom",,,,http://www.tate.org.uk/art/artists/jeremy-deller-3034,Turner Prize (premio 2004),factual-tate
101,Thornton Dial,ArtReview Top 100,,,,,,,,,pendiente
102,David Diao,Vitamin P3,,,,,,,,,pendiente
103,DIS,ArtReview Top 100,,,,,,,,,pendiente
104,Atul Dodiya,Vitamin P1 | Documenta,,,,,,,,"documenta 12, Kassel (2007)",pendiente
105,Peter Doig,Vitamin P1,,1959,"Edinburgh, United Kingdom",,,,http://www.tate.org.uk/art/artists/peter-doig-2361,,factual-tate
106,Aleksandra Domanović,ArtReview Top 100,,,,,,,,,pendiente
107,Kaye Donachie,Vitamin P2,,,,,,,,,pendiente
108,Pierre Dorion,Vitamin P2,,,,,,,,,pendiente
109,Milena Dragićević,Vitamin P2,,,,,,,,,pendiente
110,Peter Dreher,Vitamin P3,,,,,,,,,pendiente
111,Marlene Dumas,Vitamin P1 | Base propia | Frieze 25 (2000s),,1953,"Cape Town, South Africa",,,,http://www.tate.org.uk/art/artists/marlene-dumas-2407,,factual-tate
112,Sam Durant,Vitamin P1 | Documenta,,1961,"Seattle, United States",,,,http://www.tate.org.uk/art/artists/sam-durant-9914,"documenta 13, Kassel (2012)",factual-tate
113,Markus Döbeli,Vitamin P1,,,,,,,,,pendiente
114,Gia Edzgveradze,Vitamin P1,,,,,,,,,pendiente
115,Thomas Eggerer,Vitamin P2,,,,,,,,,pendiente
116,Maria Eichhorn,ArtReview Top 100 | Documenta,,,,,,,,"documenta 14, Kassel/Atenas (2017); documenta 11, Kassel (2002)",pendiente
117,Michaela Eichwald,Vitamin P3,,,,,,,,,pendiente
118,Nicole Eisenman,Vitamin P2 | ArtReview Top 100,,,,,,,,,pendiente
119,Ida Ekblad,Vitamin P2,,,,,,,,,pendiente
120,Tracey Emin,Base propia | Turner Prize,,1963,"London, United Kingdom",,,,http://www.tate.org.uk/art/artists/tracey-emin-2590,Turner Prize (nominación 1999),factual-tate
121,Zhang Enli,Vitamin P2 | Vitamin P2,,,,,,,,,pendiente
122,rafa esparza,ArtReview Top 100,,,,,,,,,pendiente
123,Inka Essenhigh,Vitamin P1,,1969,"Pennsylvania, United States",,,,http://www.tate.org.uk/art/artists/inka-essenhigh-3028,,factual-tate
124,Jana Euler,Vitamin P3 | ArtReview Top 100,,,,,,,,,pendiente
125,Valie Export,Base propia,https://proyectoidis.org/valie-export/,1940,Österreich,,,,http://www.tate.org.uk/art/artists/valie-export-6411,,factual-tate
126,Hamishi Farah,ArtReview Top 100,,,,,,,,,pendiente
127,Harun Farocki,ArtReview Top 100 | Frieze 25 (2000s) | Documenta,,,,,,,,"documenta 12, Kassel (2007)",pendiente
128,Cao Fei,ArtReview Top 100,,,,,,,,,pendiente
129,Genieve Figgis,Vitamin P3,,,,,,,,,pendiente
130,Urs Fischer,ArtReview Top 100,,,,,,,,,pendiente
131,Mark Flood,Vitamin P3,,,,,,,,,pendiente
132,Ceal Floyer,Vitamin P1 | Documenta,,1968,"Karachi, Pakistan",,,,http://www.tate.org.uk/art/artists/ceal-floyer-2761,"documenta 13, Kassel (2012)",factual-tate
133,Andrea Fraser,ArtReview Top 100 | Frieze 25 (2000s),,1965,"Montana, United States",,,,http://www.tate.org.uk/art/artists/andrea-fraser-9439,,factual-tate
134,LaToya Ruby Frazier,ArtReview Top 100,,,,,,,,,pendiente
135,Bernard Frize,Vitamin P1,,1949,"Saint-Mandé, France",,,,http://www.tate.org.uk/art/artists/bernard-frize-2388,,factual-tate
136,Gabríela Friðriksdóttir,Vitamin P1,,,,,,,,,pendiente
137,Yang Fudong,Base propia | Documenta,,,,,,,,"documenta 11, Kassel (2002)",pendiente
138,Michael Fullerton,Vitamin P2,,,,,,,,,pendiente
139,Louisa Gagliardi,Vitamin P3,,,,,,,,,pendiente
140,Cyprien Gaillard,Base propia,,,,,,,,,pendiente
141,Ellen Gallagher,Vitamin P1,,1965,"Providence, United States",,,,http://www.tate.org.uk/art/artists/ellen-gallagher-9553,,factual-tate
142,Sandra Gamarra,Vitamin P3,,1972,"Lima, Perú",,,,http://www.tate.org.uk/art/artists/sandra-gamarra-11460,,factual-tate
143,Tim Gardner,Vitamin P1,,,,,,,,,pendiente
144,Isa Genzken,ArtReview Top 100 | Documenta,,1948,"Bad Oldesloe, Deutschland",,,,http://www.tate.org.uk/art/artists/isa-genzken-10435,"documenta 11, Kassel (2002)",factual-tate
145,Apostolos Georgiou,Vitamin P3 | Documenta,,,,,,,,"documenta 14, Kassel/Atenas (2017)",pendiente
146,Adrian Ghenie,Vitamin P2,,,,,,,,,pendiente
147,Guerrilla Girls,ArtReview Top 100,,,,,,,http://www.tate.org.uk/art/artists/guerrilla-girls-6858,,factual-tate
148,Nan Goldin,Base propia,https://www.instagram.com/nangoldinstudio/?hl=es,1953,"Washington, United States",,,,http://www.tate.org.uk/art/artists/nan-goldin-2649,,factual-tate
149,Andreas Golinski,Vitamin P1,,,,,,,,,pendiente
150,Fernanda Gomes,Vitamin P3,,1960,"Rio de Janeiro, Brasil",,,,http://www.tate.org.uk/art/artists/fernanda-gomes-11698,,factual-tate
151,Wayne Gonzales,Vitamin P2,,,,,,,,,pendiente
152,Ken Gonzales-Day,ArtReview Top 100,,,,,,,,,pendiente
153,Felix Gonzalez-Torres,Base propia,,1957,"Guáimaro, Cuba",,,,http://www.tate.org.uk/art/artists/felix-gonzalez-torres-11937,fallecido/a 1996,factual-tate
154,Joanne Greenbaum,Vitamin P1,,,,,,,,,pendiente
155,Katharina Grosse,Vitamin P1,,,,,,,,,pendiente
156,Mark Grotjahn,Vitamin P2,,1965,"Pasedena, United States",,,,http://www.tate.org.uk/art/artists/mark-grotjahn-16674,,factual-tate
157,Wade Guyton,Vitamin P2,,,,,,,,,pendiente
158,Hulda Guzmán,Vitamin P3,,,,,,,,,pendiente
159,Hassan Hajjaj,Base propia,,,,,,,,,pendiente
160,Fiona Hall,Base propia,,,,,,,,,pendiente
161,Josephine Halvorson,Vitamin P2,,,,,,,,,pendiente
162,Lawrence Abu Hamdan,ArtReview Top 100,,1985,,,,,http://www.tate.org.uk/art/artists/lawrence-abu-hamdan-18244,,factual-tate
163,David Hammons,ArtReview Top 100 | Frieze 25 (2000s),,1943,"Springfield, United States",,,,http://www.tate.org.uk/art/artists/david-hammons-6085,,factual-tate
164,Zach Harris,Vitamin P3,,,,,,,,,pendiente
165,N. S. Harsha,Vitamin P2,,,,,,,,,pendiente
166,Mona Hatoum,Base propia | Documenta,https://www.whitecube.com/gallery-exhibitions/mona-hatoum-seoul-2025,1952,"Bayrut, Al-Lubnan",,,,http://www.tate.org.uk/art/artists/mona-hatoum-2365,"documenta 11, Kassel (2002)",factual-tate
167,Eberhard Havekost,Vitamin P1,,1967,"Dresden, Deutschland",,,,http://www.tate.org.uk/art/artists/eberhard-havekost-7348,,factual-tate
168,Richard Hawkins,Vitamin P2,,,,,,,,,pendiente
169,Dan Hays,Vitamin P1,,1966,"Kingston-upon-Thames, United Kingdom",,,,http://www.tate.org.uk/art/artists/dan-hays-5466,,factual-tate
170,Aziz Hazara,ArtReview Top 100,,,,,,,,,pendiente
171,Celia Hempton,Vitamin P3,,,,,,,,,pendiente
172,Camille Henrot,ArtReview Top 100 | Frieze 25 (2000s),,,,,,,,,pendiente
173,Arturo Herrera,Vitamin P1,,1959,"Caracas, Venezuela",,,,http://www.tate.org.uk/art/artists/arturo-herrera-6003,,factual-tate
174,Carmen Herrera,Vitamin P2,,1915,"La Habana, Cuba",,,,http://www.tate.org.uk/art/artists/carmen-herrera-9101,,factual-tate
175,Federico Herrero,Vitamin P1,,,,,,,,,pendiente
176,Charline von Heyl,Vitamin P2,,,,,,,,,pendiente
177,Lubaina Himid,Base propia | Turner Prize,,1954,"Zanzibar, Tanzania",,,,http://www.tate.org.uk/art/artists/lubaina-himid-2356,Turner Prize (premio 2017),factual-tate
178,Roger Hiorns,Vitamin P1 | Turner Prize,,1975,"Birmingham, United Kingdom",,,,http://www.tate.org.uk/art/artists/roger-hiorns-7255,Turner Prize (nominación 2009),factual-tate
179,Thomas Hirschhorn,Frieze 25 (2000s) | Documenta,,1957,"Bern, Schweiz",,,,http://www.tate.org.uk/art/artists/thomas-hirschhorn-6254,"documenta 11, Kassel (2002)",factual-tate
180,David Hockney,Base propia,https://www.hockney.com/home,1937,"Bedford, United Kingdom",,,,http://www.tate.org.uk/art/artists/david-hockney-1293,,factual-tate
181,Jenny Holzer,Base propia,,1950,"Gallipolis, United States",,,,http://www.tate.org.uk/art/artists/jenny-holzer-1307,,factual-tate
182,Yu Hong,Vitamin P3,,,,,,,,,pendiente
183,Tishan Hsu,ArtReview Top 100,,,,,,,,,pendiente
184,Alex Hubbard,Vitamin P2,,,,,,,,,pendiente
185,Jacqueline Humphries,Vitamin P2,,,,,,,,,pendiente
186,Pierre Huyghe,ArtReview Top 100 | Frieze 25 (2000s) | Documenta,,1962,"Paris, France",,,,http://www.tate.org.uk/art/artists/pierre-huyghe-5463,"documenta 13, Kassel (2012); documenta 11, Kassel (2002)",factual-tate
187,Nathan Hylden,Vitamin P2,,,,,,,,,pendiente
188,Anne Imhof,Frieze 25 (2000s),,,,,,,,,pendiente
189,Emily Jacir,ArtReview Top 100 | Frieze 25 (2000s),,,,,,,,,pendiente
190,Frieda Toranzo Jaeger,ArtReview Top 100,,,,,,,,,pendiente
191,Arthur Jafa,ArtReview Top 100 | Frieze 25 (2000s),,,,,,,,,pendiente
192,Merlin James,Vitamin P2,,,,,,,,,pendiente
193,Xylor Jane,Vitamin P2,,,,,,,,,pendiente
194,Sergej Jensen,Vitamin P1,,1973,Danmark,,,,http://www.tate.org.uk/art/artists/sergej-jensen-10804,,factual-tate
195,Yun-Fei Ji,Vitamin P1,,,,,,,,,pendiente
196,Cui Jie,Vitamin P3,,,,,,,,,pendiente
197,Magdalena Jitrik,Vitamin P2,,,,,,,,,pendiente
198,JODI,ArtReview Top 100,,,,,,,,,pendiente
199,Chantal Joffe,Vitamin P2,,,,,,,,,pendiente
200,Chris Johanson,Vitamin P2,,,,,,,,,pendiente
201,Helen Johnson,Vitamin P3,,,,,,,,,pendiente
202,David L. Johnson,ArtReview Top 100,,,,,,,,,pendiente
203,Jennie C. Jones,Vitamin P3,,,,,,,,,pendiente
204,Anne Duk Hee Jordan,ArtReview Top 100,,,,,,,,,pendiente
205,Jamian Juliano-Villani,Vitamin P3,,,,,,,,,pendiente
206,Yishai Jusidman,Vitamin P1,,,,,,,,,pendiente
207,Ewa Juszkiewicz,Vitamin P3,,,,,,,,,pendiente
208,Hayv Kahraman,Vitamin P3,,,,,,,,,pendiente
209,Johannes Kahrs,Vitamin P1,,,,,,,,,pendiente
210,Jitish Kallat,Vitamin P2,,,,,,,,,pendiente
211,Maki Na Kamura,Vitamin P2,,,,,,,,,pendiente
212,Sanya Kantarovsky,Vitamin P3,,,,,,,,,pendiente
213,Amar Kanwar,ArtReview Top 100 | Documenta,,1964,,,,,http://www.tate.org.uk/art/artists/amar-kanwar-18243,"documenta 14, Kassel/Atenas (2017); documenta 13, Kassel (2012); documenta 11, Kassel (2002); documenta 12, Kassel (2007)",factual-tate
214,Jacob Kassay,Vitamin P2,,,,,,,,,pendiente
215,On Kawara,Base propia | Documenta,,1933,Nihon,,,,http://www.tate.org.uk/art/artists/on-kawara-12834,"documenta 11, Kassel (2002)",factual-tate
216,Khalif Kelly,Vitamin P2,,,,,,,,,pendiente
217,Bhupen Khakhar,Vitamin P1,,1934,"Bombay, Bharat",,,,http://www.tate.org.uk/art/artists/bhupen-khakhar-2406,fallecido/a 2003,factual-tate
218,Bouchra Khalili,Base propia | ArtReview Top 100 | Frieze 25 (2000s) | Documenta,,,,,,,,"documenta 14, Kassel/Atenas (2017)",pendiente
219,Karen Kilimnik,Vitamin P1,,,,,,,,,pendiente
220,Lee Kit,Vitamin P3,,,,,,,,,pendiente
221,Ragnar Kjartansson,ArtReview Top 100,,,,,,,,,pendiente
222,Jürgen Klauke,Vitamin P1,,,,,,,,,pendiente
223,Emil Michael Klein,Vitamin P3,,,,,,,,,pendiente
224,Josh Kline,ArtReview Top 100,,,,,,,,,pendiente
225,Jon Knutsen,Vitamin P1,,,,,,,,,pendiente
226,Martin Kobe,Vitamin P2,,,,,,,,,pendiente
227,Jutta Koether,Vitamin P2,,,,,,,,,pendiente
228,Käthe Kollwitz,Base propia,,,,,,,,,pendiente
229,Tomasz Kowalski,Vitamin P2,,,,,,,,,pendiente
230,Michael Krebber,Vitamin P1,,,,,,,,,pendiente
231,Udomsak Krisanamis,Vitamin P1,,,,,,,,,pendiente
232,Ella Kruglyanskaya,Vitamin P3,,,,,,,,,pendiente
233,Makiko Kudo,Vitamin P2,,,,,,,,,pendiente
234,Alicja Kwade,Base propia,,,,,,,,,pendiente
235,Stefan Kürten,Vitamin P2,,,,,,,,,pendiente
236,Jim Lambie,Vitamin P1,,1964,"Glasgow, United Kingdom",,,,http://www.tate.org.uk/art/artists/jim-lambie-4733,,factual-tate
237,Laura Lancaster,Vitamin P3,,,,,,,,,pendiente
238,Sean Landers,Vitamin P1,,1962,"Palmer, United States",,,,http://www.tate.org.uk/art/artists/sean-landers-2665,,factual-tate
239,"Rugilé Barzdziukaité, Vaiva Grainyté And Lina Lapelyté",Frieze 25 (2000s),,,,,,,,,pendiente
240,Mernet Larsen,Vitamin P3,,,,,,,,,pendiente
241,Louise Lawler,Base propia | ArtReview Top 100 | Documenta,,1947,"Hazleton, United States",,,,http://www.tate.org.uk/art/artists/louise-lawler-8140,"documenta 12, Kassel (2007)",factual-tate
242,Deana Lawson,ArtReview Top 100,,,,,,,,,pendiente
243,Carolyn Lazard,ArtReview Top 100,,,,,,,,,pendiente
244,Jane Lee,Vitamin P3,,,,,,,,,pendiente
245,Simone Leigh,ArtReview Top 100,,,,,,,,,pendiente
246,Liza Lou,Vitamin P1,,,,,,,,,pendiente
247,Nate Lowman,Vitamin P3,,,,,,,,,pendiente
248,Sarah Lucas,Base propia,,1962,"London, United Kingdom",,,,http://www.tate.org.uk/art/artists/sarah-lucas-2643,,factual-tate
249,Cannupa Hanska Luger,ArtReview Top 100,,,,,,,,,pendiente
250,Tor-Magnus Lundeby,Vitamin P1,,,,,,,,,pendiente
251,Marcin Maciejowski,Vitamin P1 | Vitamin P2,,,,,,,,,pendiente
252,Tala Madani,Vitamin P2,,1981,Îran,,,,http://www.tate.org.uk/art/artists/tala-madani-14729,,factual-tate
253,Jill Magid,ArtReview Top 100,,,,,,,,,pendiente
254,Ibrahim Mahama,Frieze 25 (2000s) | Documenta,,,,,,,,"documenta 14, Kassel/Atenas (2017)",pendiente
255,Nalini Malani,Vitamin P2 | Base propia | Documenta,,,,,,,,"documenta 13, Kassel (2012)",pendiente
256,Victor Man,Vitamin P2,,,,,,,,,pendiente
257,Britta Marakatt-Labba,ArtReview Top 100 | Documenta,,,,,,,,"documenta 14, Kassel/Atenas (2017)",pendiente
258,Fabián Marcaccio,Vitamin P1 | Documenta,,,,,,,,"documenta 11, Kassel (2002)",pendiente
259,Christian Marclay,ArtReview Top 100 | Frieze 25 (2000s),,1955,"San Rafael, United States",,,,http://www.tate.org.uk/art/artists/christian-marclay-6852,,factual-tate
260,Marepe,Vitamin P1,,1970,"Santo Antônio de Jesus, Brasil",,,,http://www.tate.org.uk/art/artists/marepe-11145,,factual-tate
261,Teresa Margolles,Base propia | ArtReview Top 100,,,,,,,,,pendiente
262,Kerry James Marshall,ArtReview Top 100 | Documenta,,,,,,,,"documenta 12, Kassel (2007)",pendiente
263,Chris Martin,Vitamin P3,,,,,,,,,pendiente
264,Daniel Joseph Martinez,ArtReview Top 100,,,,,,,,,pendiente
265,Marwan,Vitamin P3,,,,,,,,,pendiente
266,I Nyoman Masriadi,Vitamin P2,,,,,,,,,pendiente
267,Patrizio Di Massimo,Vitamin P3,,,,,,,,,pendiente
268,Bartek Materka,Vitamin P3,,,,,,,,,pendiente
269,Park McArthur,ArtReview Top 100,,,,,,,,,pendiente
270,Paul McCarthy,Vitamin P1,,1945,"Salt Lake City, United States",,,,http://www.tate.org.uk/art/artists/paul-mccarthy-2766,,factual-tate
271,Suzanne McClelland,Vitamin P1,,,,,,,,,pendiente
272,Tiona Nekkia McClodden,ArtReview Top 100,,,,,,,,,pendiente
273,Hugo McCloud,Vitamin P3,,,,,,,,,pendiente
274,Elizabeth McIntosh,Vitamin P3,,,,,,,,,pendiente
275,Lucy McKenzie,Vitamin P1,,1977,"Glasgow, United Kingdom",,,,http://www.tate.org.uk/art/artists/lucy-mckenzie-8631,,factual-tate
276,Steve McQueen,ArtReview Top 100 | Turner Prize | Documenta,,1969,"London, United Kingdom",,,,http://www.tate.org.uk/art/artists/steve-mcqueen-2387,"Turner Prize (premio 1999); documenta 11, Kassel (2002)",factual-tate
277,Birgit Megerle,Vitamin P2,,,,,,,,,pendiente
278,Julie Mehretu,Vitamin P1 | Base propia | ArtReview Top 100 | Documenta,,,,,,,,"documenta 13, Kassel (2012)",pendiente
279,The Yes Men,ArtReview Top 100,,,,,,,,,pendiente
280,Ana Mendieta,Base propia,,1948,"La Habana, Cuba",,,,http://www.tate.org.uk/art/artists/ana-mendieta-11167,fallecido/a 1985,factual-tate
281,Prabhavathi Meppayil,Vitamin P3,,,,,,,,,pendiente
282,Beatriz Milhazes,Vitamin P1 | Base propia,,,,,,,,,pendiente
283,Yunhee Min,Vitamin P3,,,,,,,,,pendiente
284,Ernesto Misa,Vitamin P1,,,,,,,,,pendiente
285,Donald Moffett,Vitamin P3,,,,,,,,,pendiente
286,Meleko Mokgosi,Vitamin P3,,,,,,,,,pendiente
287,Dianna Molzan,Vitamin P2,,,,,,,,,pendiente
288,Miguel Montt,Vitamin P1,,,,,,,,,pendiente
289,Katy Moran,Vitamin P2,,1975,"Manchester, United Kingdom",,,,http://www.tate.org.uk/art/artists/katy-moran-11554,,factual-tate
290,Kristine Moran,Vitamin P2,,,,,,,,,pendiente
291,Delcy Morelos,ArtReview Top 100,,,,,,,,,pendiente
292,Antonio Ballester Moreno,Vitamin P2,,,,,,,,,pendiente
293,Sabine Moritz,Vitamin P3,,,,,,,,,pendiente
294,Sarah Morris,Vitamin P1,,1967,"Kent, United Kingdom",,,,http://www.tate.org.uk/art/artists/sarah-morris-3099,,factual-tate
295,Justin Mortimer,Vitamin P2,,,,,,,,,pendiente
296,Farhad Moshiri,Vitamin P2,,,,,,,,,pendiente
297,Ryan Mosley,Vitamin P3,,,,,,,,,pendiente
298,Shana Moulton,ArtReview Top 100,,,,,,,,,pendiente
299,Zanele Muholi,Base propia | ArtReview Top 100 | Documenta,,,,,,,,"documenta 13, Kassel (2012)",pendiente
300,Muntean/Rosenblum,Vitamin P1,,,,,,,,,pendiente
301,Takashi Murakami,Vitamin P1,,,,,,,,,pendiente
302,Oscar Murillo,Vitamin P3,,,,,,,,,pendiente
303,Wangechi Mutu,ArtReview Top 100,,1972,"Nairobi, Kenya",,,,http://www.tate.org.uk/art/artists/wangechi-mutu-7677,,factual-tate
304,Ulrike Müller,Vitamin P3,,,,,,,,,pendiente
305,Surendran Nair,Vitamin P2,,,,,,,,,pendiente
306,Yoshitomo Nara,Vitamin P1,,,,,,,,,pendiente
307,Bruce Nauman,Base propia,https://www.speronewestwater.com/artists/bruce-nauman#tab:slideshow,1941,"Fort Wayne, United States",,,,http://www.tate.org.uk/art/artists/bruce-nauman-1691,,factual-tate
308,Paulo Nazareth,ArtReview Top 100,,,,,,,,,pendiente
309,Elizabeth Neel,Vitamin P3,,,,,,,,,pendiente
310,Shirin Neshat,Base propia | Documenta,,1957,"Qazvin, Îran",,,,http://www.tate.org.uk/art/artists/shirin-neshat-5459,"documenta 11, Kassel (2002)",factual-tate
311,Blessing Ngobeni,Vitamin P3,,,,,,,,,pendiente
312,Caro Niederer,Vitamin P1,,,,,,,,,pendiente
313,Aliza Nisenbaum,Vitamin P3,,,,,,,,,pendiente
314,Serge Alain Nitegeka,Vitamin P3,,,,,,,,,pendiente
315,Otobong Nkanga,Base propia | Documenta,,,,,,,,"documenta 14, Kassel/Atenas (2017)",pendiente
316,Mairead O'Heocha,Vitamin P3,,,,,,,,,pendiente
317,Mendi & Keith Obadike,ArtReview Top 100,,,,,,,,,pendiente
318,Manuel Ocampo,Vitamin P1,,,,,,,,,pendiente
319,Odili Donald Odita,Vitamin P2,,,,,,,,,pendiente
320,Chris Ofili,Vitamin P1,,1968,"Manchester, United Kingdom",,,,http://www.tate.org.uk/art/artists/chris-ofili-2543,,factual-tate
321,Precious Okoyomon,ArtReview Top 100,,,,,,,,,pendiente
322,Éder Oliveira,Vitamin P3,,,,,,,,,pendiente
323,Alex Olson,Vitamin P3,,,,,,,,,pendiente
324,Catherine Opie,Base propia,,1961,"Sandusky, United States",,,,http://www.tate.org.uk/art/artists/catherine-opie-4641,,factual-tate
325,New Red Order,ArtReview Top 100,,,,,,,,,pendiente
326,Gabriel Orozco,Base propia | Documenta,,1962,México,,,,http://www.tate.org.uk/art/artists/gabriel-orozco-2685,"documenta 11, Kassel (2002)",factual-tate
327,Christopher Orr,Vitamin P2,,,,,,,,,pendiente
328,Anna Ostoya,Vitamin P3,,,,,,,,,pendiente
329,Silke Otto-Knapp,Vitamin P2,,,,,,,,,pendiente
330,Laura Owens,Vitamin P1,,,,,,,,,pendiente
331,Paulina Ołowska,Vitamin P2,,,,,,,,,pendiente
332,Bruno Pacheco,Vitamin P3,,,,,,,,,pendiente
333,Nam June Paik,Base propia,https://gagosian.com/artists/nam-june-paik/,,,,,,,,pendiente
334,Cornelia Parker,Base propia,,1956,"Cheshire, United Kingdom",,,,http://www.tate.org.uk/art/artists/cornelia-parker-2358,,factual-tate
335,Nicolas Party,Vitamin P3,,,,,,,,,pendiente
336,Grayson Perry,Base propia | Turner Prize,,1960,"Chelmsford, United Kingdom",,,,http://www.tate.org.uk/art/artists/grayson-perry-4657,Turner Prize (premio 2003),factual-tate
337,Sondra Perry,ArtReview Top 100,,,,,,,,,pendiente
338,Alessandro Pessoli,Vitamin P2,,,,,,,,,pendiente
339,Jon Pestoni,Vitamin P2,,,,,,,,,pendiente
340,Elizabeth Peyton,Vitamin P1,,,,,,,,,pendiente
341,Paul Pfeiffer,ArtReview Top 100,,,,,,,,,pendiente
342,Richard Phillips,Vitamin P1,,1962,"Marblehead, United States",,,,http://www.tate.org.uk/art/artists/richard-phillips-10772,,factual-tate
343,Johannes Phokela,Vitamin P2,,,,,,,,,pendiente
344,Bernard Piffaretti,Vitamin P1,,,,,,,,,pendiente
345,Adrian Piper,ArtReview Top 100 | Frieze 25 (2000s) | Documenta,,,,,,,,"documenta 11, Kassel (2002)",pendiente
346,Annie Pootoogook,ArtReview Top 100 | Documenta,,,,,,,,"documenta 12, Kassel (2007)",pendiente
347,Pope.L,ArtReview Top 100,,,,,,,,,pendiente
348,Yelena Popova,Vitamin P3,,,,,,,,,pendiente
349,Avery Preesman,Vitamin P1,,,,,,,,,pendiente
350,Narbi Price,Vitamin P3,,,,,,,,,pendiente
351,Richard Prince,Vitamin P1,,1949,"Panama Canal, Panamá",,,,http://www.tate.org.uk/art/artists/richard-prince-5215,,factual-tate
352,Charlotte Prodger,Base propia | Turner Prize,,,,,,,,Turner Prize (premio 2018),pendiente
353,Laure Prouvost,Base propia,,,,,,,,,pendiente
354,Déborah Pruden,Vitamin P3,,,,,,,,,pendiente
355,Mantalina Psoma,Vitamin P1,,,,,,,,,pendiente
356,Puppies Puppies,ArtReview Top 100,,,,,,,,,pendiente
357,Vitaly Pushnitsky,Vitamin P2,,,,,,,,,pendiente
358,Xu Qu,Vitamin P3,,,,,,,,,pendiente
359,R. H. Quaytman,Vitamin P2 | Documenta,,1961,"Boston, United States",,,,http://www.tate.org.uk/art/artists/r-h-quaytman-15967,"documenta 14, Kassel/Atenas (2017)",factual-tate
360,Imran Qureshi,Vitamin P3,,,,,,,,,pendiente
361,Tal R,Vitamin P1,,,,,,,,,pendiente
362,Walid Raad,ArtReview Top 100 | Documenta,,1967,Al-Lubnan,,,,http://www.tate.org.uk/art/artists/walid-raad-7719,"documenta 13, Kassel (2012); documenta 11, Kassel (2002)",factual-tate
363,Michael Raedecker,Vitamin P1,,1963,"Amsterdam, Nederland",,,,http://www.tate.org.uk/art/artists/michael-raedecker-2693,,factual-tate
364,Michael Rakowitz,ArtReview Top 100 | Documenta,,,,,,,,"documenta 13, Kassel (2012)",pendiente
365,Mary Ramsden,Vitamin P3,,,,,,,,,pendiente
366,Neo Rauch,Vitamin P1,,,,,,,,,pendiente
367,Blake Rayne,Vitamin P2,,,,,,,,,pendiente
368,Asad Raza,ArtReview Top 100,,,,,,,,,pendiente
369,Raúl Recio,Vitamin P3,,,,,,,,,pendiente
370,David Reed,Vitamin P1,,,,,,,,,pendiente
371,Tobias Rehberger,Vitamin P1,,,,,,,,,pendiente
372,K.P. Reji,Vitamin P3,,,,,,,,,pendiente
373,Marina Rheingantz,Vitamin P3,,,,,,,,,pendiente
374,Daniel Richter,Vitamin P1,,,,,,,,,pendiente
375,Gerhard Richter,Base propia | Documenta,https://www.gerhard-richter.com/en,1932,"Dresden, Deutschland",,,,http://www.tate.org.uk/art/artists/gerhard-richter-1841,"documenta 12, Kassel (2007)",factual-tate
376,Pipilotti Rist,ArtReview Top 100,,1962,Schweiz,,,,http://www.tate.org.uk/art/artists/pipilotti-rist-5465,,factual-tate
377,Matthew Ritchie,Vitamin P1,,,,,,,,,pendiente
378,Zbigniew Rogalski,Vitamin P3,,,,,,,,,pendiente
379,Clare Rojas,Vitamin P2,,,,,,,,,pendiente
380,Julia Rommel,Vitamin P3,,,,,,,,,pendiente
381,Peter Rostovsky,Vitamin P1,,,,,,,,,pendiente
382,Mika Rottenberg,ArtReview Top 100,,,,,,,,,pendiente
383,Cameron Rowland,ArtReview Top 100 | Frieze 25 (2000s),,,,,,,,,pendiente
384,Sterling Ruby,Vitamin P2,,1972,"Bitburg, Deutschland",,,,http://www.tate.org.uk/art/artists/sterling-ruby-14439,,factual-tate
385,Christoph Ruckhäberle,Vitamin P2,,,,,,,,,pendiente
386,Doris Salcedo,ArtReview Top 100 | Frieze 25 (2000s) | Documenta,,1958,"Bogotá, Colombia",,,,http://www.tate.org.uk/art/artists/doris-salcedo-2695,"documenta 11, Kassel (2002)",factual-tate
387,Wilhelm Sasnal,Vitamin P1,,1972,"Tarnów, Polska",,,,http://www.tate.org.uk/art/artists/wilhelm-sasnal-7553,,factual-tate
388,Jenny Saville,Base propia,,,,,,,,,pendiente
389,Șerban Savu,Vitamin P2,,,,,,,,,pendiente
390,Thomas Scheibitz,Vitamin P1,,1968,"Radeberg, Deutschland",,,,http://www.tate.org.uk/art/artists/thomas-scheibitz-10538,,factual-tate
391,Daniel Schlier,Vitamin P1,,,,,,,,,pendiente
392,Julian Schnabel,Vitamin P1,,1951,"New York, United States",,,,http://www.tate.org.uk/art/artists/julian-schnabel-1905,,factual-tate
393,Gregor Schneider,Vitamin P1,,,,,,,,,pendiente
394,Maaike Schoorel,Vitamin P2,,,,,,,,,pendiente
395,Dana Schutz,Vitamin P2 | ArtReview Top 100,,,,,,,,,pendiente
396,Sean Scully,Vitamin P1,,1945,"Dublin, Éire",,,,http://www.tate.org.uk/art/artists/sean-scully-1917,,factual-tate
397,Tino Sehgal,ArtReview Top 100 | Documenta,,1976,"London, United Kingdom",,,,http://www.tate.org.uk/art/artists/tino-sehgal-8300,"documenta 13, Kassel (2012)",factual-tate
398,Tschabalala Self,Base propia,,,,,,,,,pendiente
399,George Shaw,Vitamin P1,,1966,"Coventry, United Kingdom",,,,http://www.tate.org.uk/art/artists/george-shaw-5253,,factual-tate
400,Raqib Shaw,Vitamin P2,,1974,"Calcutta, Bharat",,,,http://www.tate.org.uk/art/artists/raqib-shaw-9784,,factual-tate
401,Gulammohammed Sheikh,Vitamin P1,,,,,,,,,pendiente
402,Yinka Shonibare,Vitamin P1 | Base propia | Documenta,,1962,"London, United Kingdom",,,,http://www.tate.org.uk/art/artists/yinka-shonibare-mbe-3081,"documenta 11, Kassel (2002)",factual-tate
403,Li Shurui,Vitamin P2,,,,,,,,,pendiente
404,Aliza Shvarts,ArtReview Top 100,,,,,,,,,pendiente
405,Shahzia Sikander,Vitamin P1,,,,,,,,,pendiente
406,Amy Sillman,Vitamin P2 | Base propia,,1966,"Detroit, United States",,,,http://www.tate.org.uk/art/artists/amy-sillman-16982,,factual-tate
407,Michael Simpson,Vitamin P3,,,,,,,,,pendiente
408,Avery Singer,Vitamin P3,,,,,,,,,pendiente
409,Arpita Singh,Vitamin P3,,,,,,,,,pendiente
410,Daniel Sinsel,Vitamin P3,,,,,,,,,pendiente
411,Dirk Skreber,Vitamin P1,,,,,,,,,pendiente
412,Anj Smith,Vitamin P2,,,,,,,,,pendiente
413,Josh Smith,Vitamin P2,,,,,,,,,pendiente
414,Kiki Smith,Base propia,https://www.pacegallery.com/artists/kiki-smith/,1954,"Noremburg, Deutschland",,,,http://www.tate.org.uk/art/artists/kiki-smith-2280,,factual-tate
415,Li Songsong,Vitamin P2,,,,,,,,,pendiente
416,Glenn Sorensen,Vitamin P2,,,,,,,,,pendiente
417,Hito Steyerl,Base propia | ArtReview Top 100 | Frieze 25 (2000s) | Documenta,,,,,,,,"documenta 12, Kassel (2007)",pendiente
418,Christine Streuli,Vitamin P3,,,,,,,,,pendiente
419,Hiroshi Sugimoto,Base propia,,1948,"Tokyo, Nihon",,,,http://www.tate.org.uk/art/artists/hiroshi-sugimoto-2328,,factual-tate
420,Hiroshi Sugito,Vitamin P1,,,,,,,,,pendiente
421,Ryan Sullivan,Vitamin P3,,,,,,,,,pendiente
422,Sarah Sze,Base propia,,,,,,,,,pendiente
423,Neal Tait,Vitamin P2,,,,,,,,,pendiente
424,Mika Tajima,Vitamin P1,,,,,,,,,pendiente
425,Aya Takano,Vitamin P1,,,,,,,,,pendiente
426,Maria Taniguchi,Vitamin P3,,,,,,,,,pendiente
427,Rodel Tapaya,Vitamin P3,,,,,,,,,pendiente
428,Henry Taylor,Vitamin P3,,,,,,,,,pendiente
429,Mickalene Thomas,Vitamin P2,,,,,,,,,pendiente
430,Torey Thornton,Vitamin P3,,,,,,,,,pendiente
431,Caragh Thuring,Vitamin P3,,1972,"Bruxelles, België",,,,http://www.tate.org.uk/art/artists/caragh-thuring-17408,,factual-tate
432,Zhou Tiehai,Vitamin P1,,,,,,,,,pendiente
433,Wolfgang Tillmans,Base propia | Turner Prize,https://www.tillmans.co.uk/,1968,"Remscheid, Deutschland",,,,http://www.tate.org.uk/art/artists/wolfgang-tillmans-2747,Turner Prize (premio 2000),factual-tate
434,Pádraig Timoney,Vitamin P2,,,,,,,,,pendiente
435,Alexander Tinei,Vitamin P2,,,,,,,,,pendiente
436,Fred Tomaselli,Vitamin P1,,1962,"Santa Monica, United States",,,,http://www.tate.org.uk/art/artists/fred-tomaselli-6854,,factual-tate
437,Ryan Trecartin,ArtReview Top 100 | Frieze 25 (2000s),,,,,,,,,pendiente
438,Rosemarie Trockel,Vitamin P1 | Base propia | Documenta,https://spruethmagers.com/artists/rosemarie-trockel/,1952,"Schwerte, Deutschland",,,,http://www.tate.org.uk/art/artists/rosemarie-trockel-2066,"documenta 13, Kassel (2012)",factual-tate
439,Wu Tsang,ArtReview Top 100,,,,,,,,,pendiente
440,Luc Tuymans,Vitamin P1 | ArtReview Top 100 | Documenta,,1958,België,,,,http://www.tate.org.uk/art/artists/luc-tuymans-2612,"documenta 11, Kassel (2002)",factual-tate
441,Phoebe Unwin,Vitamin P2,,1979,"Cambridge, United Kingdom",,,,http://www.tate.org.uk/art/artists/phoebe-unwin-13751,,factual-tate
442,Lesley Vance,Vitamin P2,,,,,,,,,pendiente
443,Adriana Varejão,Vitamin P1 | Base propia,,1964,"Rio de Janeiro, Brasil",,,,http://www.tate.org.uk/art/artists/adriana-varejao-2792,,factual-tate
444,Rafael Vega,Vitamin P3,,,,,,,,,pendiente
445,Pieter Vermeersch,Vitamin P2,,,,,,,,,pendiente
446,Cecilia Vicuña,ArtReview Top 100 | Documenta,,,,,,,,"documenta 14, Kassel/Atenas (2017)",pendiente
447,Vladimir Dubossarsky & Alexander Vinogradov,Vitamin P1,,,,,,,,,pendiente
448,Danh Vo,Base propia | ArtReview Top 100 | Frieze 25 (2000s),,,,,,,,,pendiente
449,Kelley Walker,Vitamin P2,,1969,"Columbus, United States",,,,http://www.tate.org.uk/art/artists/kelley-walker-16207,,factual-tate
450,Caroline Walker,Vitamin P3,,,,,,,,,pendiente
451,Kara Walker,Base propia | ArtReview Top 100 | Frieze 25 (2000s),,1969,"Stockton, United States",,,,http://www.tate.org.uk/art/artists/kara-walker-2674,,factual-tate
452,Corinne Wasmuht,Vitamin P2,,,,,,,,,pendiente
453,Mary Weatherford,Vitamin P3,,,,,,,,,pendiente
454,Carrie Mae Weems,Base propia,,,,,,,,,pendiente
455,Liu Wei,Vitamin P3,,,,,,,,,pendiente
456,Matthias Weischer,Vitamin P2,,,,,,,,,pendiente
457,Ai Weiwei,ArtReview Top 100 | Documenta,,,,,,,,"documenta 12, Kassel (2007)",pendiente
458,Andro Wekua,Vitamin P2,,,,,,,,,pendiente
459,Wendy White,Vitamin P2,,,,,,,,,pendiente
460,Rachel Whiteread,Base propia,,1963,"London, United Kingdom",,,,http://www.tate.org.uk/art/artists/rachel-whiteread-2319,,factual-tate
461,Stanley Whitney,Vitamin P3 | Documenta,,,,,,,,"documenta 14, Kassel/Atenas (2017)",pendiente
462,Jack Whitten,Vitamin P3,,1939,"Bessemer, United States",,,,http://www.tate.org.uk/art/artists/jack-whitten-17412,,factual-tate
463,Michael Williams,Vitamin P3,,,,,,,,,pendiente
464,Christopher Williams,ArtReview Top 100,,1956,"Los Angeles, United States",,,,http://www.tate.org.uk/art/artists/christopher-williams-10158,,factual-tate
465,Mette Winckelmann,Vitamin P3,,,,,,,,,pendiente
466,David Wojnarowicz,Base propia,https://whitney.org/exhibitions/david-wojnarowicz,1954,"Red Bank, United States",,,,http://www.tate.org.uk/art/artists/david-wojnarowicz-9936,fallecido/a 1992,factual-tate
467,Richard Wright,Vitamin P1 | Turner Prize,,1960,"London, United Kingdom",,,,http://www.tate.org.uk/art/artists/richard-wright-5905,Turner Prize (premio 2009),factual-tate
468,Katharina Wulff,Vitamin P2,,,,,,,,,pendiente
469,Rose Wylie,Vitamin P3,,1934,"Hythe, United Kingdom",,,,http://www.tate.org.uk/art/artists/rose-wylie-17422,,factual-tate
470,Liu Xiaodong,Vitamin P2,,,,,,,,,pendiente
471,Wang Xingwei,Vitamin P2,,,,,,,,,pendiente
472,Santiago Yahuarcani,ArtReview Top 100,,,,,,,,,pendiente
473,Liu Ye,Vitamin P1,,,,,,,,,pendiente
474,Ding Yi,Vitamin P1,,,,,,,,,pendiente
475,Anicka Yi,ArtReview Top 100,,,,,,,,,pendiente
476,Lynette Yiadom-Boakye,Vitamin P2 | Base propia,,1977,"London, United Kingdom",,,,http://www.tate.org.uk/art/artists/lynette-yiadom-boakye-16784,,factual-tate
477,Liang Yuanwei,Vitamin P2,,,,,,,,,pendiente
478,Lisa Yuskavage,Vitamin P1,,,,,,,,,pendiente
479,Luiz Zerbini,Vitamin P2,,,,,,,,,pendiente
480,Jakub Julian Ziółkowski,Vitamin P2,,,,,,,,,pendiente
481,Ciudad Abierta,Documenta,,,,,,,,"documenta 14, Kassel/Atenas (2017)",pendiente
482,Abounaddara,Documenta,,,,,,,,"documenta 14, Kassel/Atenas (2017)",pendiente
483,Akinbode Akinbiyi,Documenta,,,,,,,,"documenta 14, Kassel/Atenas (2017)",pendiente
484,Nevin Aladağ,Documenta,,,,,,,,"documenta 14, Kassel/Atenas (2017)",pendiente
485,Daniel García Andújar,Documenta,,,,,,,,"documenta 14, Kassel/Atenas (2017)",pendiente
486,Danai Anesiadou,Documenta,,,,,,,,"documenta 14, Kassel/Atenas (2017)",pendiente
487,Andreas Angelidakis,Documenta,,,,,,,,"documenta 14, Kassel/Atenas (2017)",pendiente
488,Aristide Antonas,Documenta,,,,,,,,"documenta 14, Kassel/Atenas (2017)",pendiente
489,Rasheed Araeen,Documenta,,1935,"Karachi, Pakistan",,,,http://www.tate.org.uk/art/artists/rasheed-araeen-2364,"documenta 14, Kassel/Atenas (2017)",factual-tate
490,Arika,Turner Prize,,,,,,,,Turner Prize (nominación 2021),pendiente
491,Assemble,Turner Prize,,,,,,,,Turner Prize (premio 2015),pendiente
492,Michel Auder,Documenta,,,,,,,,"documenta 14, Kassel/Atenas (2017)",pendiente
493,Alexandra Bachzetsis,Documenta,,,,,,,,"documenta 14, Kassel/Atenas (2017); documenta 13, Kassel (2012)",pendiente
494,Nairy Baghramian,Documenta,,,,,,,,"documenta 14, Kassel/Atenas (2017)",pendiente
495,Marie Cool Fabio Balducci,Documenta,,,,,,,,"documenta 14, Kassel/Atenas (2017)",pendiente
496,Sammy Baloji,Documenta,,,,,,,,"documenta 14, Kassel/Atenas (2017)",pendiente
497,Arben Basha,Documenta,,,,,,,,"documenta 14, Kassel/Atenas (2017)",pendiente
498,Rebecca Belmore,Documenta,,,,,,,,"documenta 14, Kassel/Atenas (2017)",pendiente
499,Sokol Beqiri,Documenta,,,,,,,,"documenta 14, Kassel/Atenas (2017)",pendiente
500,Roger Bernat,Documenta,,,,,,,,"documenta 14, Kassel/Atenas (2017)",pendiente
501,Bili Bidjocka,Documenta,,,,,,,,"documenta 14, Kassel/Atenas (2017)",pendiente
502,Wang Bing,Documenta,,,,,,,,"documenta 14, Kassel/Atenas (2017)",pendiente
503,Ross Birrell,Documenta,,,,,,,,"documenta 14, Kassel/Atenas (2017)",pendiente
504,Llambi Blido,Documenta,,,,,,,,"documenta 14, Kassel/Atenas (2017)",pendiente
505,Nomin Bold,Documenta,,,,,,,,"documenta 14, Kassel/Atenas (2017)",pendiente
506,Martin Boyce,Turner Prize,,1967,"Hamilton, United Kingdom",,,,http://www.tate.org.uk/art/artists/martin-boyce-7630,Turner Prize (premio 2011),factual-tate
507,Pavel Brăila,Documenta,,,,,,,,"documenta 14, Kassel/Atenas (2017); documenta 11, Kassel (2002)",pendiente
508,Geta Brătescu,Documenta,,,,,,,,"documenta 14, Kassel/Atenas (2017)",pendiente
509,Miriam Cahn,Documenta,,1949,"Basel, Schweiz",,,,http://www.tate.org.uk/art/artists/miriam-cahn-846,"documenta 14, Kassel/Atenas (2017)",factual-tate
510,Lucien Castaing-Taylor,Documenta,,,,,,,,"documenta 14, Kassel/Atenas (2017)",pendiente
511,Vija Celmins,Documenta,,1938,"Riga, Latvija",,,,http://www.tate.org.uk/art/artists/vija-celmins-2731,"documenta 14, Kassel/Atenas (2017)",factual-tate
512,Banu Cennetoğlu,Documenta,,,,,,,,"documenta 14, Kassel/Atenas (2017)",pendiente
513,Panos Charalambous,Documenta,,,,,,,,"documenta 14, Kassel/Atenas (2017)",pendiente
514,Nikhil Chopra,Documenta,,,,,,,,"documenta 14, Kassel/Atenas (2017)",pendiente
515,Nathan Coley,Turner Prize,,,,,,,,Turner Prize (nominación 2007),pendiente
516,iQhiya Collective,Documenta,,,,,,,,"documenta 14, Kassel/Atenas (2017)",pendiente
517,Mata Aho Collective,Documenta,,,,,,,,"documenta 14, Kassel/Atenas (2017)",pendiente
518,Array Collective,Turner Prize,,,,,,,,Turner Prize (premio 2021),pendiente
519,Jesse Darling,Turner Prize,,,,,,,,Turner Prize (premio 2023),pendiente
520,Anna Daučíková,Documenta,,,,,,,,"documenta 14, Kassel/Atenas (2017)",pendiente
521,Moyra Davey,Documenta,,1958,"Toronto, Canada",,,,http://www.tate.org.uk/art/artists/moyra-davey-14881,"documenta 14, Kassel/Atenas (2017)",factual-tate
522,Enrico David,Turner Prize,,1966,"Ancona, Italia",,,,http://www.tate.org.uk/art/artists/enrico-david-8314,Turner Prize (nominación 2009),factual-tate
523,Yael Davids,Documenta,,,,,,,,"documenta 14, Kassel/Atenas (2017)",pendiente
524,Agnes Denes,Documenta,,,,,,,,"documenta 14, Kassel/Atenas (2017)",pendiente
525,Manthia Diawara,Documenta,,,,,,,,"documenta 14, Kassel/Atenas (2017)",pendiente
526,Hans Eijkelboom,Documenta,,,,,,,,"documenta 14, Kassel/Atenas (2017)",pendiente
527,Niño de Elche,Documenta,,,,,,,,"documenta 14, Kassel/Atenas (2017)",pendiente
528,Bonita Ely,Documenta,,,,,,,,"documenta 14, Kassel/Atenas (2017)",pendiente
529,Theo Eshetu,Documenta,,,,,,,,"documenta 14, Kassel/Atenas (2017)",pendiente
530,Aboubakar Fofana,Documenta,,,,,,,,"documenta 14, Kassel/Atenas (2017)",pendiente
531,Peter Friedl,Documenta,,,,,,,,"documenta 14, Kassel/Atenas (2017); documenta 12, Kassel (2007)",pendiente
532,Guillermo Galindo,Documenta,,,,,,,,"documenta 14, Kassel/Atenas (2017)",pendiente
533,Regina José Galindo,Documenta,,,,,,,,"documenta 14, Kassel/Atenas (2017)",pendiente
534,Israel Galván,Documenta,,,,,,,,"documenta 14, Kassel/Atenas (2017)",pendiente
535,Pélagie Gbaguidi,Documenta,,,,,,,,"documenta 14, Kassel/Atenas (2017)",pendiente
536,Gentle/Radical,Turner Prize,,,,,,,,Turner Prize (nominación 2021),pendiente
537,Prinz Gholam,Documenta,,,,,,,,"documenta 14, Kassel/Atenas (2017)",pendiente
538,Yervant Gianikian,Documenta,,,,,,,,"documenta 14, Kassel/Atenas (2017)",pendiente
539,Gauri Gill,Documenta,,,,,,,,"documenta 14, Kassel/Atenas (2017)",pendiente
540,Marina Gioti,Documenta,,,,,,,,"documenta 14, Kassel/Atenas (2017)",pendiente
541,Beatriz González,Documenta,,1938,"Bucaramanga, Colombia",,,,http://www.tate.org.uk/art/artists/beatriz-gonzalez-11980,"documenta 14, Kassel/Atenas (2017)",factual-tate
542,Douglas Gordon,Documenta,,1966,"Glasgow, United Kingdom",,,,http://www.tate.org.uk/art/artists/douglas-gordon-2617,"documenta 14, Kassel/Atenas (2017)",factual-tate
543,Sámi Artist Group,Documenta,,,,,,,,"documenta 14, Kassel/Atenas (2017)",pendiente
544,The Otolith Group,Turner Prize | Documenta,,,,,,,,"Turner Prize (nominación 2010); documenta 13, Kassel (2012)",pendiente
545,Hans Haacke,Documenta,,1936,"Köln, Deutschland",,,,http://www.tate.org.uk/art/artists/hans-haacke-2217,"documenta 14, Kassel/Atenas (2017)",factual-tate
546,Constantinos Hadzinikolaou,Documenta,,,,,,,,"documenta 14, Kassel/Atenas (2017)",pendiente
547,Irena Haiduk,Documenta,,,,,,,,"documenta 14, Kassel/Atenas (2017)",pendiente
548,Ganesh Haloi,Documenta,,,,,,,,"documenta 14, Kassel/Atenas (2017)",pendiente
549,Anna Halprin,Documenta,,,,,,,,"documenta 14, Kassel/Atenas (2017)",pendiente
550,Dale Harding,Documenta,,,,,,,,"documenta 14, Kassel/Atenas (2017)",pendiente
551,David Harding,Documenta,,,,,,,,"documenta 14, Kassel/Atenas (2017)",pendiente
552,Maria Hassabi,Documenta,,,,,,,,"documenta 14, Kassel/Atenas (2017)",pendiente
553,Edi Hila,Documenta,,,,,,,,"documenta 14, Kassel/Atenas (2017)",pendiente
554,Susan Hiller,Documenta,,1940,"New York, United States",,,,http://www.tate.org.uk/art/artists/susan-hiller-1286,"documenta 14, Kassel/Atenas (2017); documenta 13, Kassel (2012)",factual-tate
555,Damien Hirst,Turner Prize,,1965,"Bristol, United Kingdom",,,,http://www.tate.org.uk/art/artists/damien-hirst-2308,Turner Prize (premio),factual-tate
556,Howard Hodgkin,Turner Prize,,1932,"London, United Kingdom",,,,http://www.tate.org.uk/art/artists/howard-hodgkin-1295,Turner Prize (premio 1985),factual-tate
557,Olaf Holzapfel,Documenta,,,,,,,,"documenta 14, Kassel/Atenas (2017)",pendiente
558,Gordon Hookey,Documenta,,,,,,,,"documenta 14, Kassel/Atenas (2017)",pendiente
559,Runa Islam,Turner Prize,,1970,Bangladesh,,,,http://www.tate.org.uk/art/artists/runa-islam-10089,Turner Prize (nominación 2008),factual-tate
560,Sanja Iveković,Documenta,,1949,"Zagreb, Hrvatska",,,,http://www.tate.org.uk/art/artists/sanja-ivekovic-7504,"documenta 14, Kassel/Atenas (2017); documenta 13, Kassel (2012); documenta 11, Kassel (2002); documenta 12, Kassel (2007)",factual-tate
561,Hiwa K,Documenta,,,,,,,,"documenta 14, Kassel/Atenas (2017)",pendiente
562,Nnena Kalu,Turner Prize,,,,,,,,Turner Prize (premio 2025),pendiente
563,Romuald Karmakar,Documenta,,,,,,,,"documenta 14, Kassel/Atenas (2017)",pendiente
564,Andreas Ragnar Kassapis,Documenta,,,,,,,,"documenta 14, Kassel/Atenas (2017)",pendiente
565,Anton Kats,Documenta,,,,,,,,"documenta 14, Kassel/Atenas (2017)",pendiente
566,Daniel Knorr,Documenta,,,,,,,,"documenta 14, Kassel/Atenas (2017)",pendiente
567,Katalin Ladik,Documenta,,,,,,,,"documenta 14, Kassel/Atenas (2017)",pendiente
568,David Lamelas,Documenta,,1946,"Buenos Aires, Argentina",,,,http://www.tate.org.uk/art/artists/david-lamelas-8787,"documenta 14, Kassel/Atenas (2017)",factual-tate
569,Gerhard Lang,Documenta,,,,,,,,"documenta 14, Kassel/Atenas (2017)",pendiente
570,Mark Leckey,Turner Prize,,1964,"London, United Kingdom",,,,http://www.tate.org.uk/art/artists/mark-leckey-6877,Turner Prize (premio 2008),factual-tate
571,Rick Lowe,Documenta,,,,,,,,"documenta 14, Kassel/Atenas (2017)",pendiente
572,Angela Ricci Lucchi,Documenta,,,,,,,,"documenta 14, Kassel/Atenas (2017)",pendiente
573,Alvin Lucier,Documenta,,,,,,,,"documenta 14, Kassel/Atenas (2017)",pendiente
574,Gym Lumbera,Documenta,,,,,,,,"documenta 14, Kassel/Atenas (2017)",pendiente
575,Antonio Vega Macotela,Documenta,,,,,,,,"documenta 14, Kassel/Atenas (2017)",pendiente
576,Goshka Macuga,Turner Prize | Documenta,,,,,,,,"Turner Prize (nominación 2008); documenta 13, Kassel (2012)",pendiente
577,Narimane Mari,Documenta,,,,,,,,"documenta 14, Kassel/Atenas (2017)",pendiente
578,Helen Marten,Turner Prize,,,,,,,,Turner Prize (premio 2016),pendiente
579,Hans Ragnar Mathisen,Documenta,,,,,,,,"documenta 14, Kassel/Atenas (2017)",pendiente
580,Danny Matthys,Documenta,,,,,,,,"documenta 14, Kassel/Atenas (2017)",pendiente
581,Mattin,Documenta,,,,,,,,"documenta 14, Kassel/Atenas (2017)",pendiente
582,Joaquín Orellana Mejía,Documenta,,,,,,,,"documenta 14, Kassel/Atenas (2017)",pendiente
583,Jonas Mekas,Documenta,,1922,Lietuva,,,,http://www.tate.org.uk/art/artists/jonas-mekas-9674,"documenta 14, Kassel/Atenas (2017); documenta 11, Kassel (2002)",factual-tate
584,Angela Melitopoulos,Documenta,,,,,,,,"documenta 14, Kassel/Atenas (2017)",pendiente
585,Phia Ménard,Documenta,,,,,,,,"documenta 14, Kassel/Atenas (2017)",pendiente
586,Lala Meredith-Vula,Documenta,,,,,,,,"documenta 14, Kassel/Atenas (2017)",pendiente
587,Gernot Minke,Documenta,,,,,,,,"documenta 14, Kassel/Atenas (2017)",pendiente
588,Marta Minujín,Documenta,,,,,,,,"documenta 14, Kassel/Atenas (2017)",pendiente
589,Naeem Mohaiemen,Documenta,,,,,,,,"documenta 14, Kassel/Atenas (2017)",pendiente
590,Negros Tou Moria,Documenta,,,,,,,,"documenta 14, Kassel/Atenas (2017)",pendiente
591,Malcolm Morley,Turner Prize,,1931,"London, United Kingdom",,,,http://www.tate.org.uk/art/artists/malcolm-morley-1665,Turner Prize (premio 1984),factual-tate
592,Hasan Nallbani,Documenta,,,,,,,,"documenta 14, Kassel/Atenas (2017)",pendiente
593,Joar Nango,Documenta,,,,,,,,"documenta 14, Kassel/Atenas (2017)",pendiente
594,Rosalind Nashashibi,Documenta,,1973,"Croydon, United Kingdom",,,,http://www.tate.org.uk/art/artists/rosalind-nashashibi-7347,"documenta 14, Kassel/Atenas (2017)",factual-tate
595,Mike Nelson,Turner Prize,,1967,"Loughborough, United Kingdom",,,,http://www.tate.org.uk/art/artists/mike-nelson-4020,Turner Prize (nominación 2007 y 2001),factual-tate
596,Kettly Noël,Documenta,,,,,,,,"documenta 14, Kassel/Atenas (2017)",pendiente
597,Emeka Ogboh,Documenta,,,,,,,,"documenta 14, Kassel/Atenas (2017)",pendiente
598,Olu Oguibe,Documenta,,,,,,,,"documenta 14, Kassel/Atenas (2017)",pendiente
599,Rainer Oldendorf,Documenta,,,,,,,,"documenta 14, Kassel/Atenas (2017)",pendiente
600,Pauline Oliveros,Documenta,,,,,,,,"documenta 14, Kassel/Atenas (2017)",pendiente
601,Christos Papoulias,Documenta,,,,,,,,"documenta 14, Kassel/Atenas (2017)",pendiente
602,Véréna Paravel,Documenta,,,,,,,,"documenta 14, Kassel/Atenas (2017)",pendiente
603,Synnøve Persen,Documenta,,,,,,,,"documenta 14, Kassel/Atenas (2017)",pendiente
604,Dan Peterman,Documenta,,,,,,,,"documenta 14, Kassel/Atenas (2017)",pendiente
605,Susan Philipsz,Turner Prize | Documenta,,1965,"Glasgow, United Kingdom",,,,http://www.tate.org.uk/art/artists/susan-philipsz-5251,"Turner Prize (premio 2010); documenta 13, Kassel (2012)",factual-tate
606,Angelo Plessas,Documenta,,,,,,,,"documenta 14, Kassel/Atenas (2017)",pendiente
607,Nathan Pohio,Documenta,,,,,,,,"documenta 14, Kassel/Atenas (2017)",pendiente
608,María Magdalena Campos Pons,Documenta,,,,,,,,"documenta 14, Kassel/Atenas (2017)",pendiente
609,William Pope.L,Documenta,,,,,,,,"documenta 14, Kassel/Atenas (2017)",pendiente
610,Postcommodity,Documenta,,,,,,,,"documenta 14, Kassel/Atenas (2017)",pendiente
611,Elizabeth Price,Turner Prize,,,,,,,,Turner Prize (premio 2012),pendiente
612,Oliver Ressler,Documenta,,,,,,,,"documenta 14, Kassel/Atenas (2017)",pendiente
613,Abel Rodríguez,Documenta,,,,,,,,"documenta 14, Kassel/Atenas (2017)",pendiente
614,Pedro G. Romero,Documenta,,,,,,,,"documenta 14, Kassel/Atenas (2017)",pendiente
615,Tracey Rose,Documenta,,,,,,,,"documenta 14, Kassel/Atenas (2017)",pendiente
616,Roee Rosen,Documenta,,,,,,,,"documenta 14, Kassel/Atenas (2017)",pendiente
617,Lala Rukh,Documenta,,,,,,,,"documenta 14, Kassel/Atenas (2017)",pendiente
618,Arin Rungjang,Documenta,,,,,,,,"documenta 14, Kassel/Atenas (2017)",pendiente
619,Ben Russell,Documenta,,,,,,,,"documenta 14, Kassel/Atenas (2017)",pendiente
620,Veronica Ryan,Turner Prize,,1956,Montserrat,,,,http://www.tate.org.uk/art/artists/veronica-ryan-2293,Turner Prize (premio 2022),factual-tate
621,Georgia Sagri,Documenta,,,,,,,,"documenta 14, Kassel/Atenas (2017)",pendiente
622,Khvay Samnang,Documenta,,,,,,,,"documenta 14, Kassel/Atenas (2017)",pendiente
623,Máret Ánne Sara,Documenta,,,,,,,,"documenta 14, Kassel/Atenas (2017)",pendiente
624,Ashley Hans Scheirl,Documenta,,,,,,,,"documenta 14, Kassel/Atenas (2017)",pendiente
625,Marilou Schultz,Documenta,,,,,,,,"documenta 14, Kassel/Atenas (2017)",pendiente
626,David Schutter,Documenta,,,,,,,,"documenta 14, Kassel/Atenas (2017)",pendiente
627,Cooking Sections,Turner Prize,,,,,,,,Turner Prize (nominación 2021),pendiente
628,Algirdas Šeškus,Documenta,,,,,,,,"documenta 14, Kassel/Atenas (2017)",pendiente
629,Nilima Sheikh,Documenta,,,,,,,,"documenta 14, Kassel/Atenas (2017)",pendiente
630,Ahlam Shibli,Documenta,,,,,,,,"documenta 14, Kassel/Atenas (2017); documenta 12, Kassel (2007)",pendiente
631,Zef Shoshi,Documenta,,,,,,,,"documenta 14, Kassel/Atenas (2017)",pendiente
632,Lucy Skaer,Turner Prize,,1977,"Cambridge, United Kingdom",,,,http://www.tate.org.uk/art/artists/lucy-skaer-13391,Turner Prize (nominación 2009),factual-tate
633,Mounira Al Solh,Documenta,,,,,,,,"documenta 14, Kassel/Atenas (2017)",pendiente
634,Annie Sprinkle,Documenta,,,,,,,,"documenta 14, Kassel/Atenas (2017)",pendiente
635,Simon Starling,Turner Prize,,1967,"Epsom, United Kingdom",,,,http://www.tate.org.uk/art/artists/simon-starling-7052,Turner Prize (premio 2005),factual-tate
636,Eva Stefani,Documenta,,,,,,,,"documenta 14, Kassel/Atenas (2017)",pendiente
637,Beth Stephens,Documenta,,,,,,,,"documenta 14, Kassel/Atenas (2017)",pendiente
638,K. G. Subramanyan,Documenta,,,,,,,,"documenta 14, Kassel/Atenas (2017)",pendiente
639,Vivian Suter,Documenta,,,,,,,,"documenta 14, Kassel/Atenas (2017)",pendiente
640,El Hadji Sy,Documenta,,,,,,,,"documenta 14, Kassel/Atenas (2017)",pendiente
641,Kidlat Tahimik,Documenta,,,,,,,,"documenta 14, Kassel/Atenas (2017)",pendiente
642,Terre Thaemlitz,Documenta,,,,,,,,"documenta 14, Kassel/Atenas (2017)",pendiente
643,Ariuntugs Tserenpil,Documenta,,,,,,,,"documenta 14, Kassel/Atenas (2017)",pendiente
644,Keith Tyson,Turner Prize,,1969,"Ulverston, United Kingdom",,,,http://www.tate.org.uk/art/artists/keith-tyson-4918,Turner Prize (premio 2002),factual-tate
645,Piotr Uklański,Documenta,,1968,"Warszawa, Polska",,,,http://www.tate.org.uk/art/artists/piotr-uklanski-2771,"documenta 14, Kassel/Atenas (2017)",factual-tate
646,Mark Wallinger,Turner Prize,,1959,"Chigwell, United Kingdom",,,,http://www.tate.org.uk/art/artists/mark-wallinger-2378,Turner Prize (premio 2007),factual-tate
647,Lois Weinberger,Documenta,,,,,,,,"documenta 14, Kassel/Atenas (2017)",pendiente
648,Elisabeth Wild,Documenta,,,,,,,,"documenta 14, Kassel/Atenas (2017)",pendiente
649,Cathy Wilkes,Turner Prize,,1966,"Belfast, United Kingdom",,,,http://www.tate.org.uk/art/artists/cathy-wilkes-12144,Turner Prize (nominación 2008),factual-tate
650,Ruth Wolf-Rehfeldt,Documenta,,,,,,,,"documenta 14, Kassel/Atenas (2017)",pendiente
651,Project Art Works,Turner Prize,,,,,,,,Turner Prize (nominación 2021),pendiente
652,Ulrich Wüst,Documenta,,,,,,,,"documenta 14, Kassel/Atenas (2017)",pendiente
653,Zafos Xagoraris,Documenta,,,,,,,,"documenta 14, Kassel/Atenas (2017)",pendiente
654,Sergio Zevallos,Documenta,,,,,,,,"documenta 14, Kassel/Atenas (2017)",pendiente
655,Artur Żmijewski,Documenta,,1966,"Warszawa, Polska",,,,http://www.tate.org.uk/art/artists/artur-zmijewski-13100,"documenta 14, Kassel/Atenas (2017); documenta 12, Kassel (2007)",factual-tate
656,Mary Zygouri,Documenta,,,,,,,,"documenta 14, Kassel/Atenas (2017)",pendiente
657,Lida Abdul,Documenta,,,,,,,,"documenta 13, Kassel (2012)",pendiente
658,Bani Abidi,Documenta,,,,,,,,"documenta 13, Kassel (2012)",pendiente
659,Vyacheslav Akhunov,Documenta,,,,,,,,"documenta 13, Kassel (2012)",pendiente
660,Barmak Akram,Documenta,,,,,,,,"documenta 13, Kassel (2012)",pendiente
661,Khadim Ali,Documenta,,,,,,,,"documenta 13, Kassel (2012)",pendiente
662,Jennifer Allora,Documenta,,1974,"Philadelphia, United States",,,,http://www.tate.org.uk/art/artists/jennifer-allora-6259,"documenta 13, Kassel (2012)",factual-tate
663,Guillermo Calzadilla,Documenta,,1971,"La Habana, Cuba",,,,http://www.tate.org.uk/art/artists/guillermo-calzadilla-6260,"documenta 13, Kassel (2012)",factual-tate
664,Maria Thereza Alves,Documenta,,,,,,,,"documenta 13, Kassel (2012)",pendiente
665,Ayreen Anastas,Documenta,,,,,,,,"documenta 13, Kassel (2012)",pendiente
666,AND AND AND,Documenta,,,,,,,,"documenta 13, Kassel (2012)",pendiente
667,Ida Applebroog,Documenta,,,,,,,,"documenta 13, Kassel (2012)",pendiente
668,Doug Ashford,Documenta,,,,,,,,"documenta 13, Kassel (2012)",pendiente
669,Tarek Atoui,Documenta,,,,,,,,"documenta 13, Kassel (2012)",pendiente
670,Nanni Balestrini,Documenta,,,,,,,,"documenta 13, Kassel (2012)",pendiente
671,Amy Balkin,Documenta,,,,,,,,"documenta 13, Kassel (2012)",pendiente
672,Judith Barry,Documenta,,,,,,,,"documenta 13, Kassel (2012)",pendiente
673,Gianfranco Baruchello,Documenta,,,,,,,,"documenta 13, Kassel (2012)",pendiente
674,Thomas Bayrle,Documenta,,,,,,,,"documenta 13, Kassel (2012)",pendiente
675,Jérôme Bel,Documenta,,,,,,,,"documenta 13, Kassel (2012)",pendiente
676,Gordon Bennett,Documenta,,,,,,,,"documenta 13, Kassel (2012)",pendiente
677,Rossella Biscotti,Documenta,,,,,,,,"documenta 13, Kassel (2012)",pendiente
678,Manon de Boer,Documenta,,,,,,,,"documenta 13, Kassel (2012)",pendiente
679,Anna Boghiguian,Documenta,,,,,,,,"documenta 13, Kassel (2012)",pendiente
680,Carol Bove,Documenta,,,,,,,,"documenta 13, Kassel (2012)",pendiente
681,Kristina Buch,Documenta,,,,,,,,"documenta 13, Kassel (2012)",pendiente
682,Andrea Büttner,Documenta,,,,,,,,"documenta 13, Kassel (2012)",pendiente
683,Gerard Byrne,Documenta,,1969,"Dublin, Éire",,,,http://www.tate.org.uk/art/artists/gerard-byrne-11455,"documenta 13, Kassel (2012)",factual-tate
684,CAMP,Documenta,,,,,,,,"documenta 13, Kassel (2012)",pendiente
685,Janet Cardiff,Documenta,,1957,"Brussels, Canada",,,,http://www.tate.org.uk/art/artists/janet-cardiff-4499,"documenta 13, Kassel (2012)",factual-tate
686,George Bures Miller,Documenta,,,,,,,,"documenta 13, Kassel (2012)",pendiente
687,Mariana Castillo Deball,Documenta,,,,,,,,"documenta 13, Kassel (2012)",pendiente
688,Kudzanai Chiurai,Documenta,,,,,,,,"documenta 13, Kassel (2012)",pendiente
689,Daniel Gustav Cramer,Documenta,,,,,,,,"documenta 13, Kassel (2012)",pendiente
690,Critical Art Ensemble,Documenta,,,,,,,,"documenta 13, Kassel (2012)",pendiente
691,Abraham Cruzvillegas,Documenta,,1968,"Ciudad de México, México",,,,http://www.tate.org.uk/art/artists/abraham-cruzvillegas-13142,"documenta 13, Kassel (2012)",factual-tate
692,István Csákány,Documenta,,,,,,,,"documenta 13, Kassel (2012)",pendiente
693,Attila Csörgő,Documenta,,,,,,,,"documenta 13, Kassel (2012)",pendiente
694,Mark Dion,Documenta,,1961,"New Bedford, United States",,,,http://www.tate.org.uk/art/artists/mark-dion-2789,"documenta 13, Kassel (2012)",factual-tate
695,Thea Djordjadze,Documenta,,,,,,,,"documenta 13, Kassel (2012)",pendiente
696,Willie Doherty,Documenta,,1959,"Derrybrien, Éire",,,,http://www.tate.org.uk/art/artists/willie-doherty-2732,"documenta 13, Kassel (2012)",factual-tate
697,Trisha Donnelly,Documenta,,1974,"San Francisco, United States",,,,http://www.tate.org.uk/art/artists/trisha-donnelly-8143,"documenta 13, Kassel (2012)",factual-tate
698,Jimmie Durham,Documenta,,1940,"Arkansas, United States",,,,http://www.tate.org.uk/art/artists/jimmie-durham-11953,"documenta 13, Kassel (2012)",factual-tate
699,Haris Epaminonda,Documenta,,,,,,,,"documenta 13, Kassel (2012)",pendiente
700,Cevdet Erek,Documenta,,,,,,,,"documenta 13, Kassel (2012)",pendiente
701,Guillermo Faivovich,Documenta,,,,,,,,"documenta 13, Kassel (2012)",pendiente
702,Nicolás Goldberg,Documenta,,,,,,,,"documenta 13, Kassel (2012)",pendiente
703,Matias Faldbakken,Documenta,,,,,,,,"documenta 13, Kassel (2012)",pendiente
704,Geoffrey Farmer,Documenta,,1967,"Eagle Bay, Canada",,,,http://www.tate.org.uk/art/artists/geoffrey-farmer-10350,"documenta 13, Kassel (2012)",factual-tate
705,Omer Fast,Documenta,,1972,"Yerushalayim, Yisra'el",,,,http://www.tate.org.uk/art/artists/omer-fast-10200,"documenta 13, Kassel (2012)",factual-tate
706,Lara Favaretto,Documenta,,,,,,,,"documenta 13, Kassel (2012)",pendiente
707,Llyn Foulkes,Documenta,,,,,,,,"documenta 13, Kassel (2012)",pendiente
708,Chiara Fumai,Documenta,,,,,,,,"documenta 13, Kassel (2012)",pendiente
709,Rene Gabri,Documenta,,,,,,,,"documenta 13, Kassel (2012)",pendiente
710,Ryan Gander,Documenta,,1976,"Chester, United Kingdom",,,,http://www.tate.org.uk/art/artists/ryan-gander-9102,"documenta 13, Kassel (2012)",factual-tate
711,Dora García,Documenta,,,,,,,,"documenta 13, Kassel (2012)",pendiente
712,Mario García Torres,Documenta,,1975,"Monclova, México",,,,http://www.tate.org.uk/art/artists/mario-garcia-torres-10370,"documenta 13, Kassel (2012)",factual-tate
713,Theaster Gates,Documenta,,,,,,,,"documenta 13, Kassel (2012)",pendiente
714,Jeanno Gaussi,Documenta,,,,,,,,"documenta 13, Kassel (2012)",pendiente
715,Mariam Ghani,Documenta,,,,,,,,"documenta 13, Kassel (2012)",pendiente
716,Simryn Gill,Documenta,,1959,Singapore,,,,http://www.tate.org.uk/art/artists/simryn-gill-9404,"documenta 13, Kassel (2012); documenta 12, Kassel (2007)",factual-tate
717,Tue Greenfort,Documenta,,,,,,,,"documenta 13, Kassel (2012)",pendiente
718,Fiona Margaret Hall,Documenta,,,,,,,,"documenta 13, Kassel (2012)",pendiente
719,Tamara Henderson,Documenta,,,,,,,,"documenta 13, Kassel (2012)",pendiente
720,Horst Hoheisel,Documenta,,,,,,,,"documenta 13, Kassel (2012)",pendiente
721,Judith Hopf,Documenta,,,,,,,,"documenta 13, Kassel (2012)",pendiente
722,Khaled Hourani,Documenta,,,,,,,,"documenta 13, Kassel (2012)",pendiente
723,Toril Johannessen,Documenta,,,,,,,,"documenta 13, Kassel (2012)",pendiente
724,Joan Jonas,Documenta,,1936,"New York, United States",,,,http://www.tate.org.uk/art/artists/joan-jonas-7726,"documenta 13, Kassel (2012); documenta 11, Kassel (2002)",factual-tate
725,Brian Jungen,Documenta,,1970,"Fort Saint John, Canada",,,,http://www.tate.org.uk/art/artists/brian-jungen-9484,"documenta 13, Kassel (2012)",factual-tate
726,Duane Linklater,Documenta,,,,,,,,"documenta 13, Kassel (2012)",pendiente
727,Robin Kahn,Documenta,,,,,,,,"documenta 13, Kassel (2012)",pendiente
728,Masood Kamandy,Documenta,,,,,,,,"documenta 13, Kassel (2012)",pendiente
729,William Kentridge,Documenta,,1955,"Johannesburg, South Africa",,,,http://www.tate.org.uk/art/artists/william-kentridge-2680,"documenta 13, Kassel (2012); documenta 11, Kassel (2002)",factual-tate
730,Hassan Khan,Documenta,,,,,,,,"documenta 13, Kassel (2012)",pendiente
731,Erkki Kurenniemi,Documenta,,,,,,,,"documenta 13, Kassel (2012)",pendiente
732,Dinh Q. Lê,Documenta,,,,,,,,"documenta 13, Kassel (2012)",pendiente
733,Gabriel Lester,Documenta,,,,,,,,"documenta 13, Kassel (2012)",pendiente
734,David Link,Documenta,,,,,,,,"documenta 13, Kassel (2012)",pendiente
735,Maria Loboda,Documenta,,,,,,,,"documenta 13, Kassel (2012)",pendiente
736,Aníbal López,Documenta,,,,,,,,"documenta 13, Kassel (2012)",pendiente
737,Renata Lucas,Documenta,,,,,,,,"documenta 13, Kassel (2012)",pendiente
738,Marcos Lutyens,Documenta,,,,,,,,"documenta 13, Kassel (2012)",pendiente
739,Sissel Tolaas,Documenta,,,,,,,,"documenta 13, Kassel (2012)",pendiente
740,Anna Maria Maiolino,Documenta,,,,,,,,"documenta 13, Kassel (2012)",pendiente
741,John Menick,Documenta,,,,,,,,"documenta 13, Kassel (2012)",pendiente
742,Gustav Metzger,Documenta,,1926,"Noremburg, Deutschland",,,,http://www.tate.org.uk/art/artists/gustav-metzger-7196,"documenta 13, Kassel (2012)",factual-tate
743,Aman Mojadidi,Documenta,,,,,,,,"documenta 13, Kassel (2012)",pendiente
744,Moon Kyungwon,Documenta,,,,,,,,"documenta 13, Kassel (2012)",pendiente
745,Jeon Joonho,Documenta,,,,,,,,"documenta 13, Kassel (2012)",pendiente
746,Gareth Moore,Documenta,,1975,"Matsqui, Canada",,,,http://www.tate.org.uk/art/artists/gareth-moore-13715,"documenta 13, Kassel (2012)",factual-tate
747,Rabih Mroué,Documenta,,1967,"Bayrut, Al-Lubnan",,,,http://www.tate.org.uk/art/artists/rabih-mroue-13673,"documenta 13, Kassel (2012)",factual-tate
748,Christian Philipp Müller,Documenta,,,,,,,,"documenta 13, Kassel (2012)",pendiente
749,M. A. Numminen,Documenta,,,,,,,,"documenta 13, Kassel (2012)",pendiente
750,Shinro Ohtake,Documenta,,,,,,,,"documenta 13, Kassel (2012)",pendiente
751,Rahraw Omarzad,Documenta,,,,,,,,"documenta 13, Kassel (2012)",pendiente
752,Roman Ondák,Documenta,,1966,"Zilina, Slovenská Republika",,,,http://www.tate.org.uk/art/artists/roman-ondak-7622,"documenta 13, Kassel (2012)",factual-tate
753,Füsun Onur,Documenta,,,,,,,,"documenta 13, Kassel (2012)",pendiente
754,Christodoulos Panayiotou,Documenta,,,,,,,,"documenta 13, Kassel (2012)",pendiente
755,Giuseppe Penone,Documenta,,1947,"Garessio, Italia",,,,http://www.tate.org.uk/art/artists/giuseppe-penone-1754,"documenta 13, Kassel (2012)",factual-tate
756,Claire Pentecost,Documenta,,,,,,,,"documenta 13, Kassel (2012)",pendiente
757,Pratchaya Phinthong,Documenta,,,,,,,,"documenta 13, Kassel (2012)",pendiente
758,Sopheap Pich,Documenta,,,,,,,,"documenta 13, Kassel (2012)",pendiente
759,Lea Porsager,Documenta,,,,,,,,"documenta 13, Kassel (2012)",pendiente
760,Michael Portnoy,Documenta,,,,,,,,"documenta 13, Kassel (2012)",pendiente
761,Seth Price,Documenta,,,,,,,,"documenta 13, Kassel (2012)",pendiente
762,Ana Prvacki,Documenta,,,,,,,,"documenta 13, Kassel (2012)",pendiente
763,Araya Rasdjarmrearnsook,Documenta,,,,,,,,"documenta 13, Kassel (2012)",pendiente
764,Pedro Reyes,Documenta,,,,,,,,"documenta 13, Kassel (2012)",pendiente
765,Stuart Ringholt,Documenta,,,,,,,,"documenta 13, Kassel (2012)",pendiente
766,Juana Marta Rodas,Documenta,,,,,,,,"documenta 13, Kassel (2012)",pendiente
767,Julia Isídrez,Documenta,,,,,,,,"documenta 13, Kassel (2012)",pendiente
768,Paul Ryan,Documenta,,,,,,,,"documenta 13, Kassel (2012)",pendiente
769,Natascha Sadr Haghighian,Documenta,,,,,,,,"documenta 13, Kassel (2012)",pendiente
770,Anri Sala,Documenta,,1974,"Tiranë, Shqipëria",,,,http://www.tate.org.uk/art/artists/anri-sala-6602,"documenta 13, Kassel (2012)",factual-tate
771,Issa Samb,Documenta,,,,,,,,"documenta 13, Kassel (2012)",pendiente
772,Ines Schaber,Documenta,,,,,,,,"documenta 13, Kassel (2012)",pendiente
773,Albert Serra,Documenta,,,,,,,,"documenta 13, Kassel (2012)",pendiente
774,Tejal Shah,Documenta,,,,,,,,"documenta 13, Kassel (2012)",pendiente
775,Wael Shawky,Documenta,,1971,Misr,,,,http://www.tate.org.uk/art/artists/wael-shawky-13675,"documenta 13, Kassel (2012)",factual-tate
776,Zolaykha Sherzad,Documenta,,,,,,,,"documenta 13, Kassel (2012)",pendiente
777,Nedko Solakov,Documenta,,1957,"Cherven Bryag, Bulgaria",,,,http://www.tate.org.uk/art/artists/nedko-solakov-12133,"documenta 13, Kassel (2012); documenta 12, Kassel (2007)",factual-tate
778,Song Dong,Documenta,,,,,,,,"documenta 13, Kassel (2012)",pendiente
779,Alexandra Sukhareva,Documenta,,,,,,,,"documenta 13, Kassel (2012)",pendiente
780,Mika Taanila,Documenta,,,,,,,,"documenta 13, Kassel (2012)",pendiente
781,Mohsen Taasha,Documenta,,,,,,,,"documenta 13, Kassel (2012)",pendiente
782,Javier Téllez,Documenta,,1969,"Valencia, Venezuela",,,,http://www.tate.org.uk/art/artists/javier-tellez-11984,"documenta 13, Kassel (2012)",factual-tate
783,Aase Texmon Rygh,Documenta,,,,,,,,"documenta 13, Kassel (2012)",pendiente
784,Warwick Thornton,Documenta,,,,,,,,"documenta 13, Kassel (2012)",pendiente
785,Julieta Aranda,Documenta,,,,,,,,"documenta 13, Kassel (2012)",pendiente
786,Anton Vidokle,Documenta,,1965,"Moskva, Rossiya",,,,http://www.tate.org.uk/art/artists/anton-vidokle-6856,"documenta 13, Kassel (2012)",factual-tate
787,Warlimpirrnga Tjapaltjarri,Documenta,,,,,,,,"documenta 13, Kassel (2012)",pendiente
788,Rattana Vandy,Documenta,,,,,,,,"documenta 13, Kassel (2012)",pendiente
789,Adrián Villar Rojas,Documenta,,,,,,,,"documenta 13, Kassel (2012)",pendiente
790,Jessica Warboys,Documenta,,,,,,,,"documenta 13, Kassel (2012)",pendiente
791,Clemens von Wedemeyer,Documenta,,1974,"Göttingen, Deutschland",,,,http://www.tate.org.uk/art/artists/clemens-von-wedemeyer-10651,"documenta 13, Kassel (2012)",factual-tate
792,Apichatpong Weerasethakul,Documenta,,1970,"Krung Thep, Prathet Thai",,,,http://www.tate.org.uk/art/artists/apichatpong-weerasethakul-14213,"documenta 13, Kassel (2012)",factual-tate
793,Lawrence Weiner,Documenta,,1942,"Bronx, United States",,,,http://www.tate.org.uk/art/artists/lawrence-weiner-7743,"documenta 13, Kassel (2012)",factual-tate
794,Yan Lei,Documenta,,,,,,,,"documenta 13, Kassel (2012); documenta 12, Kassel (2007)",pendiente
795,Haegue Yang,Documenta,,,,,,,,"documenta 13, Kassel (2012)",pendiente
796,Akram Zaatari,Documenta,,1966,"Sayda, Al-Lubnan",,,,http://www.tate.org.uk/art/artists/akram-zaatari-11598,"documenta 13, Kassel (2012)",factual-tate
797,Georges Adéagbo,Documenta,,,,,,,,"documenta 11, Kassel (2002)",pendiente
798,Ravi Agarwal,Documenta,,,,,,,,"documenta 11, Kassel (2002)",pendiente
799,Eija-Liisa Ahtila,Documenta,,1959,"Hämeenlinna, Suomi",,,,http://www.tate.org.uk/art/artists/eija-liisa-ahtila-3098,"documenta 11, Kassel (2002)",factual-tate
800,Chantal Akerman,Documenta,,,,,,,,"documenta 11, Kassel (2002)",pendiente
801,Gaston André Ancelovici,Documenta,,,,,,,,"documenta 11, Kassel (2002)",pendiente
802,Fareed Armaly,Documenta,,,,,,,,"documenta 11, Kassel (2002)",pendiente
803,Rashid Masharawi,Documenta,,,,,,,,"documenta 11, Kassel (2002)",pendiente
804,Michael Ashkin,Documenta,,,,,,,,"documenta 11, Kassel (2002)",pendiente
805,Asymptote Architecture,Documenta,,,,,,,,"documenta 11, Kassel (2002)",pendiente
806,Kutlug Ataman,Documenta,,1961,"Istanbul, Türkiye",,,,http://www.tate.org.uk/art/artists/kutlug-ataman-5229,"documenta 11, Kassel (2002)",factual-tate
807,The Atlas Group,Documenta,,,,,,,,"documenta 11, Kassel (2002)",pendiente
808,Julie Bargmann,Documenta,,,,,,,,"documenta 11, Kassel (2002)",pendiente
809,Stacy Levy,Documenta,,,,,,,,"documenta 11, Kassel (2002)",pendiente
810,Artur Barrio,Documenta,,,,,,,,"documenta 11, Kassel (2002)",pendiente
811,Bernd and Hilla Becher,Documenta,,,,,,,,"documenta 11, Kassel (2002)",pendiente
812,Black Audio Film Collective,Documenta,,,,,,,,"documenta 11, Kassel (2002)",pendiente
813,Ecke Bonk,Documenta,,,,,,,,"documenta 11, Kassel (2002)",pendiente
814,Frédéric Bruly Bouabré,Documenta,,,,,,,,"documenta 11, Kassel (2002)",pendiente
815,Louise Bourgeois,Documenta,,,,,,,,"documenta 11, Kassel (2002)",pendiente
816,Stanley Brouwn,Documenta,,1935,Nederland,,,,http://www.tate.org.uk/art/artists/stanley-brouwn-8785,"documenta 11, Kassel (2002)",factual-tate
817,Luis Camnitzer,Documenta,,1937,"Lübeck, Deutschland",,,,http://www.tate.org.uk/art/artists/luis-camnitzer-6211,"documenta 11, Kassel (2002)",factual-tate
818,James Coleman,Documenta,,1941,"Dublin, Éire",,,,http://www.tate.org.uk/art/artists/james-coleman-2375,"documenta 11, Kassel (2002); documenta 12, Kassel (2007)",factual-tate
819,Constant,Documenta,,1920,"Amsterdam, Nederland",,,,http://www.tate.org.uk/art/artists/constant-constant-a-nieuwenhuys-937,"documenta 11, Kassel (2002); fallecido/a 2005",factual-tate
820,Margit Czenki,Documenta,,,,,,,,"documenta 11, Kassel (2002)",pendiente
821,Destiny Deacon,Documenta,,,,,,,,"documenta 11, Kassel (2002)",pendiente
822,Stan Douglas,Documenta,,1960,"Vancouver, Canada",,,,http://www.tate.org.uk/art/artists/stan-douglas-3038,"documenta 11, Kassel (2002)",factual-tate
823,Cecilia Edefalk,Documenta,,,,,,,,"documenta 11, Kassel (2002)",pendiente
824,William Eggleston,Documenta,,,,,,,,"documenta 11, Kassel (2002)",pendiente
825,Touhami Ennadre,Documenta,,,,,,,,"documenta 11, Kassel (2002)",pendiente
826,Cerith Wyn Evans,Documenta,,1958,"Llanelli, United Kingdom",,,,http://www.tate.org.uk/art/artists/cerith-wyn-evans-2662,"documenta 11, Kassel (2002)",factual-tate
827,Feng Mengbo,Documenta,,,,,,,,"documenta 11, Kassel (2002)",pendiente
828,Yona Friedman,Documenta,,,,,,,,"documenta 11, Kassel (2002)",pendiente
829,Meschac Gaba,Documenta,,1961,"Cotonou, Bénin",,,,http://www.tate.org.uk/art/artists/meschac-gaba-8313,"documenta 11, Kassel (2002)",factual-tate
830,Giuseppe Gabellone,Documenta,,,,,,,,"documenta 11, Kassel (2002)",pendiente
831,Carlos Garaicoa,Documenta,,1967,"La Habana, Cuba",,,,http://www.tate.org.uk/art/artists/carlos-garaicoa-6876,"documenta 11, Kassel (2002)",factual-tate
832,Kendell Geers,Documenta,,,,,,,,"documenta 11, Kassel (2002)",pendiente
833,Jef Geys,Documenta,,,,,,,,"documenta 11, Kassel (2002)",pendiente
834,David Goldblatt,Documenta,,1930,"Randfontein, South Africa",,,,http://www.tate.org.uk/art/artists/david-goldblatt-6558,"documenta 11, Kassel (2002); documenta 12, Kassel (2007)",factual-tate
835,Leon Golub,Documenta,,1922,"Chicago, United States",,,,http://www.tate.org.uk/art/artists/leon-golub-2207,"documenta 11, Kassel (2002); fallecido/a 2004",factual-tate
836,Dominique Gonzalez-Foerster,Documenta,,1965,"Strasbourg, France",,,,http://www.tate.org.uk/art/artists/dominique-gonzalez-foerster-10354,"documenta 11, Kassel (2002)",factual-tate
837,Renée Green,Documenta,,,,,,,,"documenta 11, Kassel (2002)",pendiente
838,Víctor Grippo,Documenta,,1936,"Junín, Argentina",,,,http://www.tate.org.uk/art/artists/victor-grippo-8373,"documenta 11, Kassel (2002); fallecido/a 2002",factual-tate
839,Le Groupe Amos,Documenta,,,,,,,,"documenta 11, Kassel (2002)",pendiente
840,Jens Haaning,Documenta,,,,,,,,"documenta 11, Kassel (2002)",pendiente
841,Candida Höfer,Documenta,,1944,"Eberswalde, Deutschland",,,,http://www.tate.org.uk/art/artists/candida-hofer-5119,"documenta 11, Kassel (2002)",factual-tate
842,Craigie Horsfield,Documenta,,1949,"Cambridge, United Kingdom",,,,http://www.tate.org.uk/art/artists/craigie-horsfield-2318,"documenta 11, Kassel (2002)",factual-tate
843,Huit Facettes,Documenta,,,,,,,,"documenta 11, Kassel (2002)",pendiente
844,Igloolik Isuma Productions,Documenta,,,,,,,,"documenta 11, Kassel (2002)",pendiente
845,Alfredo Jaar,Documenta,,1956,"Santiago, Chile",,,,http://www.tate.org.uk/art/artists/alfredo-jaar-8378,"documenta 11, Kassel (2002)",factual-tate
846,Isaac Julien,Documenta,,1960,"London, United Kingdom",,,,http://www.tate.org.uk/art/artists/isaac-julien-4019,"documenta 11, Kassel (2002)",factual-tate
847,Bodys Isek Kingelez,Documenta,,,,,,,,"documenta 11, Kassel (2002)",pendiente
848,Ben Kinmont,Documenta,,,,,,,,"documenta 11, Kassel (2002)",pendiente
849,Igor Kopystiansky,Documenta,,1954,"L`viv, Ukrayina",,,,http://www.tate.org.uk/art/artists/igor-kopystiansky-10328,"documenta 11, Kassel (2002)",factual-tate
850,Svetlana Kopystiansky,Documenta,,1950,"Voronezh, Ukrayina",,,,http://www.tate.org.uk/art/artists/svetlana-kopystiansky-10329,"documenta 11, Kassel (2002)",factual-tate
851,Ivan Kožarić,Documenta,,,,,,,,"documenta 11, Kassel (2002)",pendiente
852,Andreja Kulunčić,Documenta,,,,,,,,"documenta 11, Kassel (2002)",pendiente
853,Glenn Ligon,Documenta,,1960,"Bronx, United States",,,,http://www.tate.org.uk/art/artists/glenn-ligon-10429,"documenta 11, Kassel (2002)",factual-tate
854,Ken Lum,Documenta,,,,,,,,"documenta 11, Kassel (2002)",pendiente
855,Mark Manders,Documenta,,,,,,,,"documenta 11, Kassel (2002)",pendiente
856,Cildo Meireles,Documenta,,1948,"Rio de Janeiro, Brasil",,,,http://www.tate.org.uk/art/artists/cildo-meireles-6633,"documenta 11, Kassel (2002)",factual-tate
857,Annette Messager,Documenta,,1943,"Berck, France",,,,http://www.tate.org.uk/art/artists/annette-messager-2670,"documenta 11, Kassel (2002)",factual-tate
858,Ryuji Miyamoto,Documenta,,,,,,,,"documenta 11, Kassel (2002)",pendiente
859,Santu Mofokeng,Documenta,,1956,"Johannesburg, South Africa",,,,http://www.tate.org.uk/art/artists/santu-mofokeng-13378,"documenta 11, Kassel (2002)",factual-tate
860,Multiplicity,Documenta,,,,,,,,"documenta 11, Kassel (2002)",pendiente
861,Olumuyiwa Olamide Osifuye,Documenta,,,,,,,,"documenta 11, Kassel (2002)",pendiente
862,Ulrike Ottinger,Documenta,,,,,,,,"documenta 11, Kassel (2002)",pendiente
863,Park Fiction,Documenta,,,,,,,,"documenta 11, Kassel (2002)",pendiente
864,Manfred Pernice,Documenta,,1963,"Hildesheim, Deutschland",,,,http://www.tate.org.uk/art/artists/manfred-pernice-9560,"documenta 11, Kassel (2002)",factual-tate
865,Raymond Pettibon,Documenta,,1957,"Tucson, United States",,,,http://www.tate.org.uk/art/artists/raymond-pettibon-2754,"documenta 11, Kassel (2002)",factual-tate
866,Lisl Ponger,Documenta,,,,,,,,"documenta 11, Kassel (2002)",pendiente
867,Pere Portabella,Documenta,,,,,,,,"documenta 11, Kassel (2002)",pendiente
868,RAQS Media Collective,Documenta,,,,,,,,"documenta 11, Kassel (2002)",pendiente
869,Alejandra Riera,Documenta,,,,,,,,"documenta 11, Kassel (2002); documenta 12, Kassel (2007)",pendiente
870,Seifollah Samadian,Documenta,,,,,,,,"documenta 11, Kassel (2002)",pendiente
871,Gilles Saussier,Documenta,,,,,,,,"documenta 11, Kassel (2002)",pendiente
872,Christoph Schäfer,Documenta,,,,,,,,"documenta 11, Kassel (2002)",pendiente
873,Allan Sekula,Documenta,,,,,,,,"documenta 11, Kassel (2002); documenta 12, Kassel (2007)",pendiente
874,Andreas Siekmann,Documenta,,,,,,,,"documenta 11, Kassel (2002); documenta 12, Kassel (2007)",pendiente
875,Simparch,Documenta,,,,,,,,"documenta 11, Kassel (2002)",pendiente
876,Lorna Simpson,Documenta,,1960,"Brooklyn, United States",,,,http://www.tate.org.uk/art/artists/lorna-simpson-12577,"documenta 11, Kassel (2002)",factual-tate
877,Eyal Sivan,Documenta,,,,,,,,"documenta 11, Kassel (2002)",pendiente
878,David Small,Documenta,,,,,,,,"documenta 11, Kassel (2002)",pendiente
879,Fiona Tan,Documenta,,1966,"Pakanbaru, Indonesia",,,,http://www.tate.org.uk/art/artists/fiona-tan-7376,"documenta 11, Kassel (2002)",factual-tate
880,Pascale Marthine Tayou,Documenta,,,,,,,,"documenta 11, Kassel (2002)",pendiente
881,Jean-Marie Teno,Documenta,,,,,,,,"documenta 11, Kassel (2002)",pendiente
882,Trinh T. Minh-ha,Documenta,,,,,,,,"documenta 11, Kassel (2002)",pendiente
883,tsunamii.net,Documenta,,,,,,,,"documenta 11, Kassel (2002)",pendiente
884,Joëlle Tuerlinckx,Documenta,,,,,,,,"documenta 11, Kassel (2002)",pendiente
885,Nomeda & Gediminas Urbonas,Documenta,,,,,,,,"documenta 11, Kassel (2002)",pendiente
886,Jeff Wall,Documenta,,1946,"Vancouver, Canada",,,,http://www.tate.org.uk/art/artists/jeff-wall-2359,"documenta 11, Kassel (2002)",factual-tate
887,Nari Ward,Documenta,,,,,,,,"documenta 11, Kassel (2002)",pendiente
888,Ouattara Watts,Documenta,,,,,,,,"documenta 11, Kassel (2002)",pendiente
889,Sonia Abian Rose,Documenta,,,,,,,,"documenta 12, Kassel (2007)",pendiente
890,Ferran Adrià,Documenta,,,,,,,,"documenta 12, Kassel (2007)",pendiente
891,Saâdane Afif,Documenta,,,,,,,,"documenta 12, Kassel (2007)",pendiente
892,Halil Altindere,Documenta,,,,,,,,"documenta 12, Kassel (2007)",pendiente
893,Eleanor Antin,Documenta,,1935,"New York, United States",,,,http://www.tate.org.uk/art/artists/eleanor-antin-11604,"documenta 12, Kassel (2007)",factual-tate
894,Aoki Ryoko,Documenta,,,,,,,,"documenta 12, Kassel (2007)",pendiente
895,David Aradeon,Documenta,,,,,,,,"documenta 12, Kassel (2007)",pendiente
896,Ibon Aranberri,Documenta,,,,,,,,"documenta 12, Kassel (2007)",pendiente
897,Monika Baer,Documenta,,,,,,,,"documenta 12, Kassel (2007)",pendiente
898,Maja Bajević,Documenta,,,,,,,,"documenta 12, Kassel (2007)",pendiente
899,Yael Bartana,Documenta,,1970,"‘Afula, Yisra'el",,,,http://www.tate.org.uk/art/artists/yael-bartana-6882,"documenta 12, Kassel (2007)",factual-tate
900,Ricardo Basbaum,Documenta,,1961,"São Paulo, Brasil",,,,http://www.tate.org.uk/art/artists/ricardo-basbaum-6217,"documenta 12, Kassel (2007)",factual-tate
901,Johanna Billing,Documenta,,,,,,,,"documenta 12, Kassel (2007)",pendiente
902,Cosima von Bonin,Documenta,,,,,,,,"documenta 12, Kassel (2007)",pendiente
903,Trisha Brown,Documenta,,,,,,,,"documenta 12, Kassel (2007)",pendiente
904,Graciela Carnevale,Documenta,,,,,,,,"documenta 12, Kassel (2007)",pendiente
905,Alice Creischer,Documenta,,,,,,,,"documenta 12, Kassel (2007)",pendiente
906,Danica Dakić,Documenta,,,,,,,,"documenta 12, Kassel (2007)",pendiente
907,Juan Dávila,Documenta,,,,,,,,"documenta 12, Kassel (2007)",pendiente
908,Dias & Riedweg,Documenta,,,,,,,,"documenta 12, Kassel (2007)",pendiente
909,Gonzalo Díaz,Documenta,,,,,,,,"documenta 12, Kassel (2007)",pendiente
910,Ines Doujak,Documenta,,,,,,,,"documenta 12, Kassel (2007)",pendiente
911,Lili Dujourie,Documenta,,,,,,,,"documenta 12, Kassel (2007)",pendiente
912,Lukas Duwenhögger,Documenta,,,,,,,,"documenta 12, Kassel (2007)",pendiente
913,León Ferrari,Documenta,,1920,"Buenos Aires, Argentina",,,,http://www.tate.org.uk/art/artists/leon-ferrari-10613,"documenta 12, Kassel (2007); fallecido/a 2013",factual-tate
914,Iole de Freitas,Documenta,,,,,,,,"documenta 12, Kassel (2007)",pendiente
915,Andrea Geyer,Documenta,,,,,,,,"documenta 12, Kassel (2007)",pendiente
916,Sheela Gowda,Documenta,,,,,,,,"documenta 12, Kassel (2007)",pendiente
917,Ion Grigorescu,Documenta,,,,,,,,"documenta 12, Kassel (2007)",pendiente
918,Grupo de Artistas de Vanguardia,Documenta,,,,,,,,"documenta 12, Kassel (2007)",pendiente
919,Dmitri Gutov,Documenta,,,,,,,,"documenta 12, Kassel (2007)",pendiente
920,Romuald Hazoumé,Documenta,,,,,,,,"documenta 12, Kassel (2007)",pendiente
921,Hu Xiaoyuan,Documenta,,,,,,,,"documenta 12, Kassel (2007)",pendiente
922,Luis Jacob,Documenta,,,,,,,,"documenta 12, Kassel (2007)",pendiente
923,Jorge Mario Jáuregui,Documenta,,,,,,,,"documenta 12, Kassel (2007)",pendiente
924,Mary Kelly,Documenta,,1941,"Albert Lea, United States",,,,http://www.tate.org.uk/art/artists/mary-kelly-1395,"documenta 12, Kassel (2007)",factual-tate
925,Běla Kolářová,Documenta,,1923,"Terezín, Ceská Republika",,,,http://www.tate.org.uk/art/artists/bela-kolarova-12618,"documenta 12, Kassel (2007); fallecido/a 2010",factual-tate
926,Abdoulaye Konaté,Documenta,,,,,,,,"documenta 12, Kassel (2007)",pendiente
927,Bill Kouélany,Documenta,,,,,,,,"documenta 12, Kassel (2007)",pendiente
928,Jiří Kovanda,Documenta,,1953,"Praha, Ceská Republika",,,,http://www.tate.org.uk/art/artists/jiri-kovanda-10668,"documenta 12, Kassel (2007)",factual-tate
929,Sakarin Krue-On,Documenta,,,,,,,,"documenta 12, Kassel (2007)",pendiente
930,Zofia Kulik,Documenta,,,,,,,,"documenta 12, Kassel (2007)",pendiente
931,KwieKulik,Documenta,,1945,,,,,http://www.tate.org.uk/art/artists/kwiekulik-przemyslaw-kwiek-zofia-kulik-10957,"documenta 12, Kassel (2007)",factual-tate
932,Zoe Leonard,Documenta,,1961,"Liberty, United States",,,,http://www.tate.org.uk/art/artists/zoe-leonard-4828,"documenta 12, Kassel (2007)",factual-tate
933,Lin Yilin,Documenta,,,,,,,,"documenta 12, Kassel (2007)",pendiente
934,Lu Hao,Documenta,,,,,,,,"documenta 12, Kassel (2007)",pendiente
935,Churchill Madikida,Documenta,,,,,,,,"documenta 12, Kassel (2007)",pendiente
936,Iñigo Manglano-Ovalle,Documenta,,,,,,,,"documenta 12, Kassel (2007)",pendiente
937,John McCracken,Documenta,,,,,,,,"documenta 12, Kassel (2007)",pendiente
938,Andrei Monastyrski,Documenta,,,,,,,,"documenta 12, Kassel (2007)",pendiente
939,Olga Neuwirth,Documenta,,,,,,,,"documenta 12, Kassel (2007)",pendiente
940,J. D. Okhai Ojeikere,Documenta,,,,,,,,"documenta 12, Kassel (2007)",pendiente
941,Anatoly Osmolovsky,Documenta,,,,,,,,"documenta 12, Kassel (2007)",pendiente
942,George Osodi,Documenta,,,,,,,,"documenta 12, Kassel (2007)",pendiente
943,Kirill Preobrazhenskiy,Documenta,,,,,,,,"documenta 12, Kassel (2007)",pendiente
944,Florian Pumhösl,Documenta,,1971,"Wien, Österreich",,,,http://www.tate.org.uk/art/artists/florian-pumhosl-11777,"documenta 12, Kassel (2007)",factual-tate
945,Yvonne Rainer,Documenta,,,,,,,,"documenta 12, Kassel (2007)",pendiente
946,CK Rajan,Documenta,,,,,,,,"documenta 12, Kassel (2007)",pendiente
947,Gerwald Rockenschaub,Documenta,,,,,,,,"documenta 12, Kassel (2007)",pendiente
948,Lotty Rosenfeld,Documenta,,,,,,,,"documenta 12, Kassel (2007)",pendiente
949,Martha Rosler,Documenta,,,,,,,,"documenta 12, Kassel (2007)",pendiente
950,Dierk Schmidt,Documenta,,,,,,,,"documenta 12, Kassel (2007)",pendiente
951,Kateřina Šedá,Documenta,,,,,,,,"documenta 12, Kassel (2007)",pendiente
952,Imogen Stidworthy,Documenta,,,,,,,,"documenta 12, Kassel (2007)",pendiente
953,Mladen Stilinović,Documenta,,,,,,,,"documenta 12, Kassel (2007)",pendiente
954,Jürgen Stollhans,Documenta,,,,,,,,"documenta 12, Kassel (2007)",pendiente
955,Shooshie Sulaiman,Documenta,,,,,,,,"documenta 12, Kassel (2007)",pendiente
956,Oumou Sy,Documenta,,,,,,,,"documenta 12, Kassel (2007)",pendiente
957,Sharon Hayes,Documenta,,,,,,,,"documenta 12, Kassel (2007)",pendiente
958,Ashley Hunt,Documenta,,,,,,,,"documenta 12, Kassel (2007)",pendiente
959,Katya Sander,Documenta,,,,,,,,"documenta 12, Kassel (2007)",pendiente
960,David Thorne,Documenta,,,,,,,,"documenta 12, Kassel (2007)",pendiente
961,Guy Tillim,Documenta,,1962,"Johannesburg, South Africa",,,,http://www.tate.org.uk/art/artists/guy-tillim-10836,"documenta 12, Kassel (2007)",factual-tate
962,Tseng Yu-Chin,Documenta,,,,,,,,"documenta 12, Kassel (2007)",pendiente
963,Lidwien van de Ven,Documenta,,,,,,,,"documenta 12, Kassel (2007)",pendiente
964,Simon Wachsmuth,Documenta,,,,,,,,"documenta 12, Kassel (2007)",pendiente
965,Xie Nanxing,Documenta,,,,,,,,"documenta 12, Kassel (2007)",pendiente
966,Zheng Guogu,Documenta,,,,,,,,"documenta 12, Kassel (2007)",pendiente
